"","chi2","T","P","P.adjusted","comparisons"
"1",91.6325317535522,-3.53667847635077,0.000386734119832946,0.000386734119832946,"A_marginata - A_pulchellus"
"2",91.6325317535522,-5.99270519603881,5.72640790438711e-08,5.72640790438711e-08,"A_marginata - A_vanprukii"
"3",91.6325317535522,-2.45602671968804,0.00843185768303688,0.00843185768303688,"A_pulchellus - A_vanprukii"
"4",91.6325317535522,1.76833923817539,0.0409618174827537,0.0409618174827537,"A_marginata - B_anceps"
"5",91.6325317535522,5.30501771452616,7.99998750790021e-07,7.99998750790021e-07,"A_pulchellus - B_anceps"
"6",91.6325317535522,7.7610444342142,5.14181781653842e-11,5.14181781653842e-11,"A_vanprukii - B_anceps"
"7",91.6325317535522,-38.9034632398585,1.43136697075268e-45,1.43136697075268e-45,"A_marginata - B_insulana"
"8",91.6325317535522,-35.3667847635077,4.10225212713595e-43,4.10225212713595e-43,"A_pulchellus - B_insulana"
"9",91.6325317535522,-32.9107580438197,2.8473948253618e-41,2.8473948253618e-41,"A_vanprukii - B_insulana"
"10",91.6325317535522,-40.6718024780339,1.00756206923144e-46,1.00756206923144e-46,"B_anceps - B_insulana"
"11",91.6325317535522,-20.9253476517421,4.26905434413008e-30,4.26905434413008e-30,"A_marginata - C_filiformis"
"12",91.6325317535522,-17.3886691753913,7.91700128822322e-26,7.91700128822322e-26,"A_pulchellus - C_filiformis"
"13",91.6325317535522,-14.9326424557033,1.6560964135881e-22,1.6560964135881e-22,"A_vanprukii - C_filiformis"
"14",91.6325317535522,-22.6936868899175,4.94818859707526e-32,4.94818859707526e-32,"B_anceps - C_filiformis"
"15",91.6325317535522,17.9781155881164,1.40346876784995e-26,1.40346876784995e-26,"B_insulana - C_filiformis"
"16",91.6325317535522,-37.1351240016831,2.27826561078339e-44,2.27826561078339e-44,"A_marginata - C_formosum"
"17",91.6325317535522,-33.5984455253324,8.4471920214911e-42,8.4471920214911e-42,"A_pulchellus - C_formosum"
"18",91.6325317535522,-31.1424188056443,7.21127144977073e-40,7.21127144977073e-40,"A_vanprukii - C_formosum"
"19",91.6325317535522,-38.9034632398585,1.43136697075268e-45,1.43136697075268e-45,"B_anceps - C_formosum"
"20",91.6325317535522,1.76833923817539,0.0409618174827537,0.0409618174827537,"B_insulana - C_formosum"
"21",91.6325317535522,-16.209776349941,2.83930808510412e-24,2.83930808510412e-24,"C_filiformis - C_formosum"
"22",91.6325317535522,3.53667847635077,0.000386734119832946,0.000386734119832946,"A_marginata - C_oblongifolius"
"23",91.6325317535522,7.07335695270155,8.02515544962155e-10,8.02515544962155e-10,"A_pulchellus - C_oblongifolius"
"24",91.6325317535522,9.52938367238959,4.64478330466418e-14,4.64478330466418e-14,"A_vanprukii - C_oblongifolius"
"25",91.6325317535522,1.76833923817539,0.0409618174827537,0.0409618174827537,"B_anceps - C_oblongifolius"
"26",91.6325317535522,42.4401417162093,7.87817690786265e-48,7.87817690786265e-48,"B_insulana - C_oblongifolius"
"27",91.6325317535522,24.4620261280929,7.48140746742931e-34,7.48140746742931e-34,"C_filiformis - C_oblongifolius"
"28",91.6325317535522,40.6718024780339,1.00756206923144e-46,1.00756206923144e-46,"C_formosum - C_oblongifolius"
"29",91.6325317535522,-1.76833923817539,0.0409618174827537,0.0409618174827537,"A_marginata - C_tomentosa"
"30",91.6325317535522,1.76833923817539,0.0409618174827537,0.0409618174827537,"A_pulchellus - C_tomentosa"
"31",91.6325317535522,4.22436595786343,3.9964185504014e-05,3.9964185504014e-05,"A_vanprukii - C_tomentosa"
"32",91.6325317535522,-3.53667847635077,0.000386734119832946,0.000386734119832946,"B_anceps - C_tomentosa"
"33",91.6325317535522,37.1351240016831,2.27826561078339e-44,2.27826561078339e-44,"B_insulana - C_tomentosa"
"34",91.6325317535522,19.1570084135667,4.94276484027922e-28,4.94276484027922e-28,"C_filiformis - C_tomentosa"
"35",91.6325317535522,35.3667847635077,4.10225212713595e-43,4.10225212713595e-43,"C_formosum - C_tomentosa"
"36",91.6325317535522,-5.30501771452616,7.99998750790021e-07,7.99998750790021e-07,"C_oblongifolius - C_tomentosa"
"37",91.6325317535522,-31.830106287157,2.01361747608683e-40,2.01361747608683e-40,"A_marginata - D_castanea_leaf"
"38",91.6325317535522,-28.2934278108062,1.8791692588008e-37,1.8791692588008e-37,"A_pulchellus - D_castanea_leaf"
"39",91.6325317535522,-25.8374010911182,3.39361518837328e-35,3.39361518837328e-35,"A_vanprukii - D_castanea_leaf"
"40",91.6325317535522,-33.5984455253324,8.4471920214911e-42,8.4471920214911e-42,"B_anceps - D_castanea_leaf"
"41",91.6325317535522,7.07335695270155,8.02515544962155e-10,8.02515544962155e-10,"B_insulana - D_castanea_leaf"
"42",91.6325317535522,-10.9047586354149,2.36120924245438e-16,2.36120924245438e-16,"C_filiformis - D_castanea_leaf"
"43",91.6325317535522,5.30501771452616,7.99998750790021e-07,7.99998750790021e-07,"C_formosum - D_castanea_leaf"
"44",91.6325317535522,-35.3667847635077,4.10225212713595e-43,4.10225212713595e-43,"C_oblongifolius - D_castanea_leaf"
"45",91.6325317535522,-30.0617670489816,5.63382851229042e-39,5.63382851229042e-39,"C_tomentosa - D_castanea_leaf"
"46",91.6325317535522,-24.7567493344554,3.81058316042053e-34,3.81058316042053e-34,"A_marginata - D_castanea_twig"
"47",91.6325317535522,-21.2200708581046,1.99139969647748e-30,1.99139969647748e-30,"A_pulchellus - D_castanea_twig"
"48",91.6325317535522,-18.7640441384166,1.48327948540151e-27,1.48327948540151e-27,"A_vanprukii - D_castanea_twig"
"49",91.6325317535522,-26.5250885726308,7.60561546406651e-36,7.60561546406651e-36,"B_anceps - D_castanea_twig"
"50",91.6325317535522,14.1467139054031,2.23684555435196e-21,2.23684555435196e-21,"B_insulana - D_castanea_twig"
"51",91.6325317535522,-3.83140168271334,0.000149937542213987,0.000149937542213987,"C_filiformis - D_castanea_twig"
"52",91.6325317535522,12.3783746672277,1.04366373429921e-18,1.04366373429921e-18,"C_formosum - D_castanea_twig"
"53",91.6325317535522,-28.2934278108062,1.8791692588008e-37,1.8791692588008e-37,"C_oblongifolius - D_castanea_twig"
"54",91.6325317535522,-22.98841009628,2.41733702455312e-32,2.41733702455312e-32,"C_tomentosa - D_castanea_twig"
"55",91.6325317535522,7.07335695270155,8.02515544962155e-10,8.02515544962155e-10,"D_castanea_leaf - D_castanea_twig"
"56",91.6325317535522,-40.6718024780339,1.00756206923144e-46,1.00756206923144e-46,"A_marginata - D_winitii"
"57",91.6325317535522,-37.1351240016831,2.27826561078339e-44,2.27826561078339e-44,"A_pulchellus - D_winitii"
"58",91.6325317535522,-34.6790972819951,1.30827751349961e-42,1.30827751349961e-42,"A_vanprukii - D_winitii"
"59",91.6325317535522,-42.4401417162093,7.87817690786265e-48,7.87817690786265e-48,"B_anceps - D_winitii"
"60",91.6325317535522,-1.76833923817539,0.0409618174827537,0.0409618174827537,"B_insulana - D_winitii"
"61",91.6325317535522,-19.7464548262918,9.79700822116345e-29,9.79700822116345e-29,"C_filiformis - D_winitii"
"62",91.6325317535522,-3.53667847635077,0.000386734119832946,0.000386734119832946,"C_formosum - D_winitii"
"63",91.6325317535522,-44.2084809543847,6.78989334045869e-49,6.78989334045869e-49,"C_oblongifolius - D_winitii"
"64",91.6325317535522,-38.9034632398585,1.43136697075268e-45,1.43136697075268e-45,"C_tomentosa - D_winitii"
"65",91.6325317535522,-8.84169619087694,6.94755765276207e-13,6.94755765276207e-13,"D_castanea_leaf - D_winitii"
"66",91.6325317535522,-15.9150531435785,7.12911986409065e-24,7.12911986409065e-24,"D_castanea_twig - D_winitii"
"67",91.6325317535522,-28.2934278108062,1.8791692588008e-37,1.8791692588008e-37,"A_marginata - E_cherrevensis"
"68",91.6325317535522,-24.7567493344554,3.81058316042053e-34,3.81058316042053e-34,"A_pulchellus - E_cherrevensis"
"69",91.6325317535522,-22.3007226147674,1.30092144159418e-31,1.30092144159418e-31,"A_vanprukii - E_cherrevensis"
"70",91.6325317535522,-30.0617670489816,5.63382851229042e-39,5.63382851229042e-39,"B_anceps - E_cherrevensis"
"71",91.6325317535522,10.6100354290523,7.20172158235761e-16,7.20172158235761e-16,"B_insulana - E_cherrevensis"
"72",91.6325317535522,-7.36808015906411,2.47415260706461e-10,2.47415260706461e-10,"C_filiformis - E_cherrevensis"
"73",91.6325317535522,8.84169619087694,6.94755765276207e-13,6.94755765276207e-13,"C_formosum - E_cherrevensis"
"74",91.6325317535522,-31.830106287157,2.01361747608683e-40,2.01361747608683e-40,"C_oblongifolius - E_cherrevensis"
"75",91.6325317535522,-26.5250885726308,7.60561546406651e-36,7.60561546406651e-36,"C_tomentosa - E_cherrevensis"
"76",91.6325317535522,3.53667847635077,0.000386734119832946,0.000386734119832946,"D_castanea_leaf - E_cherrevensis"
"77",91.6325317535522,-3.53667847635077,0.000386734119832946,0.000386734119832946,"D_castanea_twig - E_cherrevensis"
"78",91.6325317535522,12.3783746672277,1.04366373429921e-18,1.04366373429921e-18,"D_winitii - E_cherrevensis"
"79",91.6325317535522,-35.3667847635077,4.10225212713595e-43,4.10225212713595e-43,"A_marginata - E_cuneatum"
"80",91.6325317535522,-31.830106287157,2.01361747608683e-40,2.01361747608683e-40,"A_pulchellus - E_cuneatum"
"81",91.6325317535522,-29.3740795674689,2.15611974984015e-38,2.15611974984015e-38,"A_vanprukii - E_cuneatum"
"82",91.6325317535522,-37.1351240016831,2.27826561078339e-44,2.27826561078339e-44,"B_anceps - E_cuneatum"
"83",91.6325317535522,3.53667847635077,0.000386734119832946,0.000386734119832946,"B_insulana - E_cuneatum"
"84",91.6325317535522,-14.4414371117657,8.35025924603694e-22,8.35025924603694e-22,"C_filiformis - E_cuneatum"
"85",91.6325317535522,1.76833923817539,0.0409618174827537,0.0409618174827537,"C_formosum - E_cuneatum"
"86",91.6325317535522,-38.9034632398585,1.43136697075268e-45,1.43136697075268e-45,"C_oblongifolius - E_cuneatum"
"87",91.6325317535522,-33.5984455253324,8.4471920214911e-42,8.4471920214911e-42,"C_tomentosa - E_cuneatum"
"88",91.6325317535522,-3.53667847635077,0.000386734119832946,0.000386734119832946,"D_castanea_leaf - E_cuneatum"
"89",91.6325317535522,-10.6100354290523,7.20172158235761e-16,7.20172158235761e-16,"D_castanea_twig - E_cuneatum"
"90",91.6325317535522,5.30501771452616,7.99998750790021e-07,7.99998750790021e-07,"D_winitii - E_cuneatum"
"91",91.6325317535522,-7.07335695270155,8.02515544962155e-10,8.02515544962155e-10,"E_cherrevensis - E_cuneatum"
"92",91.6325317535522,-19.6482137575043,1.27989196981644e-28,1.27989196981644e-28,"A_marginata - E_succirubrum"
"93",91.6325317535522,-16.1115352811535,3.85462414437654e-24,3.85462414437654e-24,"A_pulchellus - E_succirubrum"
"94",91.6325317535522,-13.6555085614655,1.184562133825e-20,1.184562133825e-20,"A_vanprukii - E_succirubrum"
"95",91.6325317535522,-21.4165529956797,1.20314322539639e-30,1.20314322539639e-30,"B_anceps - E_succirubrum"
"96",91.6325317535522,19.2552494823542,3.7648695554397e-28,3.7648695554397e-28,"B_insulana - E_succirubrum"
"97",91.6325317535522,1.27713389423778,0.103158588955412,0.103158588955412,"C_filiformis - E_succirubrum"
"98",91.6325317535522,17.4869102441788,5.91774622349144e-26,5.91774622349144e-26,"C_formosum - E_succirubrum"
"99",91.6325317535522,-23.1848922338551,1.50551178340791e-32,1.50551178340791e-32,"C_oblongifolius - E_succirubrum"
"100",91.6325317535522,-17.8798745193289,1.86749151106694e-26,1.86749151106694e-26,"C_tomentosa - E_succirubrum"
"101",91.6325317535522,12.1818925296527,2.11737645705495e-18,2.11737645705495e-18,"D_castanea_leaf - E_succirubrum"
"102",91.6325317535522,5.10853557695112,1.66952949008419e-06,1.66952949008419e-06,"D_castanea_twig - E_succirubrum"
"103",91.6325317535522,21.0235887205296,3.30787792619421e-30,3.30787792619421e-30,"D_winitii - E_succirubrum"
"104",91.6325317535522,8.64521405330189,1.51383350733342e-12,1.51383350733342e-12,"E_cherrevensis - E_succirubrum"
"105",91.6325317535522,15.7185710060034,1.32471514676405e-23,1.32471514676405e-23,"E_cuneatum - E_succirubrum"
"106",91.6325317535522,-33.5984455253324,8.4471920214911e-42,8.4471920214911e-42,"A_marginata - F_indica"
"107",91.6325317535522,-30.0617670489816,5.63382851229042e-39,5.63382851229042e-39,"A_pulchellus - F_indica"
"108",91.6325317535522,-27.6057403292935,7.73641258760358e-37,7.73641258760358e-37,"A_vanprukii - F_indica"
"109",91.6325317535522,-35.3667847635077,4.10225212713595e-43,4.10225212713595e-43,"B_anceps - F_indica"
"110",91.6325317535522,5.30501771452616,7.99998750790021e-07,7.99998750790021e-07,"B_insulana - F_indica"
"111",91.6325317535522,-12.6730978735903,3.64486858828935e-19,3.64486858828935e-19,"C_filiformis - F_indica"
"112",91.6325317535522,3.53667847635077,0.000386734119832946,0.000386734119832946,"C_formosum - F_indica"
"113",91.6325317535522,-37.1351240016831,2.27826561078339e-44,2.27826561078339e-44,"C_oblongifolius - F_indica"
"114",91.6325317535522,-31.830106287157,2.01361747608683e-40,2.01361747608683e-40,"C_tomentosa - F_indica"
"115",91.6325317535522,-1.76833923817539,0.0409618174827537,0.0409618174827537,"D_castanea_leaf - F_indica"
"116",91.6325317535522,-8.84169619087694,6.94755765276207e-13,6.94755765276207e-13,"D_castanea_twig - F_indica"
"117",91.6325317535522,7.07335695270155,8.02515544962155e-10,8.02515544962155e-10,"D_winitii - F_indica"
"118",91.6325317535522,-5.30501771452616,7.99998750790021e-07,7.99998750790021e-07,"E_cherrevensis - F_indica"
"119",91.6325317535522,1.76833923817539,0.0409618174827537,0.0409618174827537,"E_cuneatum - F_indica"
"120",91.6325317535522,-13.9502317678281,4.34106999703929e-21,4.34106999703929e-21,"E_succirubrum - F_indica"
"121",91.6325317535522,-49.0222933249732,1.3339065422359e-51,1.3339065422359e-51,"A_marginata - G_cowa"
"122",91.6325317535522,-45.4856148486225,1.22348551626086e-49,1.22348551626086e-49,"A_pulchellus - G_cowa"
"123",91.6325317535522,-43.0295881289344,3.44372507227827e-48,3.44372507227827e-48,"A_vanprukii - G_cowa"
"124",91.6325317535522,-50.7906325631486,1.56232243641896e-52,1.56232243641896e-52,"B_anceps - G_cowa"
"125",91.6325317535522,-10.1188300851147,4.71735140668759e-15,4.71735140668759e-15,"B_insulana - G_cowa"
"126",91.6325317535522,-28.0969456732312,2.80699781204969e-37,2.80699781204969e-37,"C_filiformis - G_cowa"
"127",91.6325317535522,-11.8871693232901,6.17440163756754e-18,6.17440163756754e-18,"C_formosum - G_cowa"
"128",91.6325317535522,-52.558971801324,1.96265425454983e-53,1.96265425454983e-53,"C_oblongifolius - G_cowa"
"129",91.6325317535522,-47.2539540867978,1.22736981648431e-50,1.22736981648431e-50,"C_tomentosa - G_cowa"
"130",91.6325317535522,-17.1921870378163,1.42167804719359e-25,1.42167804719359e-25,"D_castanea_leaf - G_cowa"
"131",91.6325317535522,-24.2655439905178,1.17737623754378e-33,1.17737623754378e-33,"D_castanea_twig - G_cowa"
"132",91.6325317535522,-8.35049084693933,4.88761245442254e-12,4.88761245442254e-12,"D_winitii - G_cowa"
"133",91.6325317535522,-20.728865514167,7.12985171000113e-30,7.12985171000113e-30,"E_cherrevensis - G_cowa"
"134",91.6325317535522,-13.6555085614655,1.18456213382499e-20,1.18456213382499e-20,"E_cuneatum - G_cowa"
"135",91.6325317535522,-29.3740795674689,2.15611974984015e-38,2.15611974984015e-38,"E_succirubrum - G_cowa"
"136",91.6325317535522,-15.4238477996409,3.38529346970995e-23,3.38529346970995e-23,"F_indica - G_cowa"
"137",91.6325317535522,-6.3856694711889,1.22833984603473e-08,1.22833984603473e-08,"A_marginata - G_daltonii "
"138",91.6325317535522,-2.84899099483812,0.00297223249468384,0.00297223249468384,"A_pulchellus - G_daltonii "
"139",91.6325317535522,-0.392964275150085,0.347846893273454,0.347846893273454,"A_vanprukii - G_daltonii "
"140",91.6325317535522,-8.15400870936428,1.06984590666028e-11,1.06984590666028e-11,"B_anceps - G_daltonii "
"141",91.6325317535522,32.5177937686696,5.76041656772965e-41,5.76041656772965e-41,"B_insulana - G_daltonii "
"142",91.6325317535522,14.5396781805532,6.02724564400424e-22,6.02724564400424e-22,"C_filiformis - G_daltonii "
"143",91.6325317535522,30.7494545304942,1.51171306424518e-39,1.51171306424518e-39,"C_formosum - G_daltonii "
"144",91.6325317535522,-9.92234794753967,1.00741039100795e-14,1.00741039100795e-14,"C_oblongifolius - G_daltonii "
"145",91.6325317535522,-4.61733023301351,1.00456022198334e-05,1.00456022198334e-05,"C_tomentosa - G_daltonii "
"146",91.6325317535522,25.4444368159681,8.0969680939532e-35,8.0969680939532e-35,"D_castanea_leaf - G_daltonii "
"147",91.6325317535522,18.3710798632665,4.52464339974578e-27,4.52464339974578e-27,"D_castanea_twig - G_daltonii "
"148",91.6325317535522,34.286133006845,2.56203115768232e-42,2.56203115768232e-42,"D_winitii - G_daltonii "
"149",91.6325317535522,21.9077583396173,3.46642639609565e-31,3.46642639609565e-31,"E_cherrevensis - G_daltonii "
"150",91.6325317535522,28.9811152923188,4.6998714776633e-38,4.6998714776633e-38,"E_cuneatum - G_daltonii "
"151",91.6325317535522,13.2625442863154,4.59579983979505e-20,4.59579983979505e-20,"E_succirubrum - G_daltonii "
"152",91.6325317535522,27.2127760541435,1.76040200960913e-36,1.76040200960913e-36,"F_indica - G_daltonii "
"153",91.6325317535522,42.6366238537843,5.97187509170544e-48,5.97187509170544e-48,"G_cowa - G_daltonii "
"154",91.6325317535522,-18.076356656904,1.055868156849e-26,1.055868156849e-26,"A_marginata - H_perforata"
"155",91.6325317535522,-14.5396781805532,6.02724564400437e-22,6.02724564400437e-22,"A_pulchellus - H_perforata"
"156",91.6325317535522,-12.0836514608651,3.02139213705459e-18,3.02139213705459e-18,"A_vanprukii - H_perforata"
"157",91.6325317535522,-19.8446958950793,7.50645270111412e-29,7.50645270111412e-29,"B_anceps - H_perforata"
"158",91.6325317535522,20.8271065829546,5.51452301761564e-30,5.51452301761564e-30,"B_insulana - H_perforata"
"159",91.6325317535522,2.84899099483813,0.00297223249468383,0.00297223249468383,"C_filiformis - H_perforata"
"160",91.6325317535522,19.0587673447792,6.49568475905185e-28,6.49568475905185e-28,"C_formosum - H_perforata"
"161",91.6325317535522,-21.6130351332547,7.29472283262058e-31,7.29472283262058e-31,"C_oblongifolius - H_perforata"
"162",91.6325317535522,-16.3080174187286,2.09384871333175e-24,2.09384871333175e-24,"C_tomentosa - H_perforata"
"163",91.6325317535522,13.753749630253,8.46643845107452e-21,8.46643845107452e-21,"D_castanea_leaf - H_perforata"
"164",91.6325317535522,6.68039267755146,3.83085820784877e-09,3.83085820784877e-09,"D_castanea_twig - H_perforata"
"165",91.6325317535522,22.5954458211299,6.29301050877368e-32,6.29301050877368e-32,"D_winitii - H_perforata"
"166",91.6325317535522,10.2170711539022,3.23274096511755e-15,3.23274096511755e-15,"E_cherrevensis - H_perforata"
"167",91.6325317535522,17.2904281066038,1.06033136230546e-25,1.06033136230546e-25,"E_cuneatum - H_perforata"
"168",91.6325317535522,1.57185710060035,0.0605367325465084,0.0605367325465084,"E_succirubrum - H_perforata"
"169",91.6325317535522,15.5220888684284,2.47318603039343e-23,2.47318603039343e-23,"F_indica - H_perforata"
"170",91.6325317535522,30.9459366680693,1.04301697904925e-39,1.04301697904925e-39,"G_cowa - H_perforata"
"171",91.6325317535522,-11.6906871857151,1.26782309576252e-17,1.26782309576252e-17,"G_daltonii  - H_perforata"
"172",91.6325317535522,-9.62762474117711,3.16562159134644e-14,3.16562159134644e-14,"A_marginata - L_coromandelica"
"173",91.6325317535522,-6.09094626482633,3.90412203788865e-08,3.90412203788865e-08,"A_pulchellus - L_coromandelica"
"174",91.6325317535522,-3.63491954513829,0.000283270618298619,0.000283270618298619,"A_vanprukii - L_coromandelica"
"175",91.6325317535522,-11.3959639793525,3.76351556366249e-17,3.76351556366249e-17,"B_anceps - L_coromandelica"
"176",91.6325317535522,29.2758384986814,2.61761977828541e-38,2.61761977828541e-38,"B_insulana - L_coromandelica"
"177",91.6325317535522,11.297722910565,5.42144450181327e-17,5.42144450181327e-17,"C_filiformis - L_coromandelica"
"178",91.6325317535522,27.507499260506,9.49293337842672e-37,9.49293337842672e-37,"C_formosum - L_coromandelica"
"179",91.6325317535522,-13.1643032175279,6.47002670748249e-20,6.47002670748249e-20,"C_oblongifolius - L_coromandelica"
"180",91.6325317535522,-7.85928550300172,3.47181608034614e-11,3.47181608034614e-11,"C_tomentosa - L_coromandelica"
"181",91.6325317535522,22.2024815459799,1.65999749612547e-31,1.65999749612547e-31,"D_castanea_leaf - L_coromandelica"
"182",91.6325317535522,15.1291245932783,8.74430131098097e-23,8.74430131098097e-23,"D_castanea_twig - L_coromandelica"
"183",91.6325317535522,31.0441777368568,8.67041495730079e-40,8.67041495730079e-40,"D_winitii - L_coromandelica"
"184",91.6325317535522,18.6658030696291,1.95722661775656e-27,1.95722661775656e-27,"E_cherrevensis - L_coromandelica"
"185",91.6325317535522,25.7391600223306,4.21335166971447e-35,4.21335166971447e-35,"E_cuneatum - L_coromandelica"
"186",91.6325317535522,10.0205890163272,6.89043169175942e-15,6.89043169175942e-15,"E_succirubrum - L_coromandelica"
"187",91.6325317535522,23.9708207841553,2.33752250671103e-33,2.33752250671103e-33,"F_indica - L_coromandelica"
"188",91.6325317535522,39.3946685837961,6.77380683596653e-46,6.77380683596653e-46,"G_cowa - L_coromandelica"
"189",91.6325317535522,-3.24195526998821,0.000956152740217895,0.000956152740217895,"G_daltonii  - L_coromandelica"
"190",91.6325317535522,8.44873191572685,3.30543338341095e-12,3.30543338341095e-12,"H_perforata - L_coromandelica"
"191",91.6325317535522,-17.4869102441788,5.91774622349144e-26,5.91774622349144e-26,"A_marginata - P_anamense"
"192",91.6325317535522,-13.9502317678281,4.34106999703929e-21,4.34106999703929e-21,"A_pulchellus - P_anamense"
"193",91.6325317535522,-11.49420504814,2.61562013448722e-17,2.61562013448722e-17,"A_vanprukii - P_anamense"
"194",91.6325317535522,-19.2552494823542,3.7648695554397e-28,3.7648695554397e-28,"B_anceps - P_anamense"
"195",91.6325317535522,21.4165529956797,1.20314322539639e-30,1.20314322539639e-30,"B_insulana - P_anamense"
"196",91.6325317535522,3.43843740756325,0.000525509134313653,0.000525509134313653,"C_filiformis - P_anamense"
"197",91.6325317535522,19.6482137575043,1.27989196981644e-28,1.27989196981644e-28,"C_formosum - P_anamense"
"198",91.6325317535522,-21.0235887205296,3.30787792619421e-30,3.30787792619421e-30,"C_oblongifolius - P_anamense"
"199",91.6325317535522,-15.7185710060034,1.32471514676405e-23,1.32471514676405e-23,"C_tomentosa - P_anamense"
"200",91.6325317535522,14.3431960429781,1.15827713416236e-21,1.15827713416236e-21,"D_castanea_leaf - P_anamense"
"201",91.6325317535522,7.26983909027659,3.66340431587591e-10,3.66340431587591e-10,"D_castanea_twig - P_anamense"
"202",91.6325317535522,23.1848922338551,1.50551178340791e-32,1.50551178340791e-32,"D_winitii - P_anamense"
"203",91.6325317535522,10.8065175666274,3.42056683407365e-16,3.42056683407365e-16,"E_cherrevensis - P_anamense"
"204",91.6325317535522,17.8798745193289,1.86749151106694e-26,1.86749151106694e-26,"E_cuneatum - P_anamense"
"205",91.6325317535522,2.16130351332548,0.017270959492383,0.017270959492383,"E_succirubrum - P_anamense"
"206",91.6325317535522,16.1115352811535,3.85462414437654e-24,3.85462414437654e-24,"F_indica - P_anamense"
"207",91.6325317535522,31.5353830807944,3.46825822885345e-40,3.46825822885345e-40,"G_cowa - P_anamense"
"208",91.6325317535522,-11.1012407729899,1.12887885322634e-16,1.12887885322634e-16,"G_daltonii  - P_anamense"
"209",91.6325317535522,0.589446412725129,0.27885187873706,0.27885187873706,"H_perforata - P_anamense"
"210",91.6325317535522,-7.85928550300172,3.47181608034614e-11,3.47181608034614e-11,"L_coromandelica - P_anamense"
"211",91.6325317535522,-48.2363647746731,3.54291869540558e-51,3.54291869540558e-51,"A_marginata - P_debilis"
"212",91.6325317535522,-44.6996862983223,3.49334997012152e-49,3.49334997012152e-49,"A_pulchellus - P_debilis"
"213",91.6325317535522,-42.2436595786342,1.04054870341031e-47,1.04054870341031e-47,"A_vanprukii - P_debilis"
"214",91.6325317535522,-50.0047040128484,4.01634721314661e-52,4.01634721314661e-52,"B_anceps - P_debilis"
"215",91.6325317535522,-9.33290153481454,1.00240371782686e-13,1.00240371782686e-13,"B_insulana - P_debilis"
"216",91.6325317535522,-27.311017122931,1.43197377019708e-36,1.43197377019708e-36,"C_filiformis - P_debilis"
"217",91.6325317535522,-11.1012407729899,1.12887885322635e-16,1.12887885322635e-16,"C_formosum - P_debilis"
"218",91.6325317535522,-51.7730432510238,4.89354607695816e-53,4.89354607695816e-53,"C_oblongifolius - P_debilis"
"219",91.6325317535522,-46.4680255364977,3.37575802418386e-50,3.37575802418386e-50,"C_tomentosa - P_debilis"
"220",91.6325317535522,-16.4062584875161,1.54588916692735e-24,1.54588916692735e-24,"D_castanea_leaf - P_debilis"
"221",91.6325317535522,-23.4796154402176,7.44379738490585e-33,7.44379738490585e-33,"D_castanea_twig - P_debilis"
"222",91.6325317535522,-7.56456229663915,1.12800428923252e-10,1.12800428923252e-10,"D_winitii - P_debilis"
"223",91.6325317535522,-19.9429369638669,5.75698186286029e-29,5.75698186286029e-29,"E_cherrevensis - P_debilis"
"224",91.6325317535522,-12.8695800111653,1.81871070444304e-19,1.81871070444304e-19,"E_cuneatum - P_debilis"
"225",91.6325317535522,-28.5881510171688,1.03392924658734e-37,1.03392924658734e-37,"E_succirubrum - P_debilis"
"226",91.6325317535522,-14.6379192493407,4.35580227726103e-22,4.35580227726103e-22,"F_indica - P_debilis"
"227",91.6325317535522,0.785928550300178,0.217451399473714,0.217451399473714,"G_cowa - P_debilis"
"228",91.6325317535522,-41.8506953034842,1.82187395466708e-47,1.82187395466708e-47,"G_daltonii  - P_debilis"
"229",91.6325317535522,-30.1600081177691,4.6610962503634e-39,4.6610962503634e-39,"H_perforata - P_debilis"
"230",91.6325317535522,-38.608740033496,2.25176909374319e-45,2.25176909374319e-45,"L_coromandelica - P_debilis"
"231",91.6325317535522,-30.7494545304942,1.51171306424518e-39,1.51171306424518e-39,"P_anamense - P_debilis"
"232",91.6325317535522,-42.4401417162093,7.87817690786265e-48,7.87817690786265e-48,"A_marginata - P_evecta_leaf"
"233",91.6325317535522,-38.9034632398585,1.43136697075268e-45,1.43136697075268e-45,"A_pulchellus - P_evecta_leaf"
"234",91.6325317535522,-36.4474365201705,6.90574910553181e-44,6.90574910553181e-44,"A_vanprukii - P_evecta_leaf"
"235",91.6325317535522,-44.2084809543847,6.78989334045869e-49,6.78989334045869e-49,"B_anceps - P_evecta_leaf"
"236",91.6325317535522,-3.53667847635077,0.000386734119832946,0.000386734119832946,"B_insulana - P_evecta_leaf"
"237",91.6325317535522,-21.5147940644672,9.36424073483844e-31,9.36424073483844e-31,"C_filiformis - P_evecta_leaf"
"238",91.6325317535522,-5.30501771452616,7.99998750790021e-07,7.99998750790021e-07,"C_formosum - P_evecta_leaf"
"239",91.6325317535522,-45.9768201925601,6.40582610225714e-50,6.40582610225714e-50,"C_oblongifolius - P_evecta_leaf"
"240",91.6325317535522,-40.6718024780339,1.00756206923144e-46,1.00756206923144e-46,"C_tomentosa - P_evecta_leaf"
"241",91.6325317535522,-10.6100354290523,7.20172158235761e-16,7.20172158235761e-16,"D_castanea_leaf - P_evecta_leaf"
"242",91.6325317535522,-17.6833923817539,3.31717264745622e-26,3.31717264745622e-26,"D_castanea_twig - P_evecta_leaf"
"243",91.6325317535522,-1.76833923817539,0.0409618174827537,0.0409618174827537,"D_winitii - P_evecta_leaf"
"244",91.6325317535522,-14.1467139054031,2.23684555435196e-21,2.23684555435196e-21,"E_cherrevensis - P_evecta_leaf"
"245",91.6325317535522,-7.07335695270155,8.02515544962155e-10,8.02515544962155e-10,"E_cuneatum - P_evecta_leaf"
"246",91.6325317535522,-22.791927958705,3.89394643402545e-32,3.89394643402545e-32,"E_succirubrum - P_evecta_leaf"
"247",91.6325317535522,-8.84169619087694,6.94755765276207e-13,6.94755765276207e-13,"F_indica - P_evecta_leaf"
"248",91.6325317535522,6.58215160876394,5.65363761051657e-09,5.65363761051657e-09,"G_cowa - P_evecta_leaf"
"249",91.6325317535522,-36.0544722450204,1.31265686647344e-43,1.31265686647344e-43,"G_daltonii  - P_evecta_leaf"
"250",91.6325317535522,-24.3637850593053,9.38183245705109e-34,9.38183245705109e-34,"H_perforata - P_evecta_leaf"
"251",91.6325317535522,-32.8125169750322,3.39345636850931e-41,3.39345636850931e-41,"L_coromandelica - P_evecta_leaf"
"252",91.6325317535522,-24.9532314720305,2.43919549676367e-34,2.43919549676367e-34,"P_anamense - P_evecta_leaf"
"253",91.6325317535522,5.79622305846377,1.2267891362231e-07,1.2267891362231e-07,"P_debilis - P_evecta_leaf"
"254",91.6325317535522,-21.1218297893171,2.56542382074728e-30,2.56542382074728e-30,"A_marginata - P_evecta_Rhizome"
"255",91.6325317535522,-17.5851513129664,4.42818965703226e-26,4.42818965703226e-26,"A_pulchellus - P_evecta_Rhizome"
"256",91.6325317535522,-15.1291245932783,8.74430131098097e-23,8.74430131098097e-23,"A_vanprukii - P_evecta_Rhizome"
"257",91.6325317535522,-22.8901690274925,3.06681534579419e-32,3.06681534579419e-32,"B_anceps - P_evecta_Rhizome"
"258",91.6325317535522,17.7816334505414,2.48759483125114e-26,2.48759483125114e-26,"B_insulana - P_evecta_Rhizome"
"259",91.6325317535522,-0.196482137575044,0.422437720989873,0.422437720989873,"C_filiformis - P_evecta_Rhizome"
"260",91.6325317535522,16.013294212366,5.23908987771866e-24,5.23908987771866e-24,"C_formosum - P_evecta_Rhizome"
"261",91.6325317535522,-24.6585082656679,4.76800824380424e-34,4.76800824380424e-34,"C_oblongifolius - P_evecta_Rhizome"
"262",91.6325317535522,-19.3534905511417,2.8705332107219e-28,2.8705332107219e-28,"C_tomentosa - P_evecta_Rhizome"
"263",91.6325317535522,10.7082764978398,4.96059860726907e-16,4.96059860726907e-16,"D_castanea_leaf - P_evecta_Rhizome"
"264",91.6325317535522,3.63491954513829,0.000283270618298619,0.000283270618298619,"D_castanea_twig - P_evecta_Rhizome"
"265",91.6325317535522,19.5499726887168,1.67369599116044e-28,1.67369599116044e-28,"D_winitii - P_evecta_Rhizome"
"266",91.6325317535522,7.17159802148907,5.42297329833551e-10,5.42297329833551e-10,"E_cherrevensis - P_evecta_Rhizome"
"267",91.6325317535522,14.2449549741906,1.60863498112347e-21,1.60863498112347e-21,"E_cuneatum - P_evecta_Rhizome"
"268",91.6325317535522,-1.47361603181282,0.0728221685452436,0.0728221685452436,"E_succirubrum - P_evecta_Rhizome"
"269",91.6325317535522,12.4766157360152,7.34067176433352e-19,7.34067176433352e-19,"F_indica - P_evecta_Rhizome"
"270",91.6325317535522,27.9004635356561,4.2030599811381e-37,4.2030599811381e-37,"G_cowa - P_evecta_Rhizome"
"271",91.6325317535522,-14.7361603181282,3.15171223882069e-22,3.15171223882069e-22,"G_daltonii  - P_evecta_Rhizome"
"272",91.6325317535522,-3.04547313241317,0.00170423318685362,0.00170423318685362,"H_perforata - P_evecta_Rhizome"
"273",91.6325317535522,-11.49420504814,2.6156201344872e-17,2.6156201344872e-17,"L_coromandelica - P_evecta_Rhizome"
"274",91.6325317535522,-3.6349195451383,0.000283270618298616,0.000283270618298616,"P_anamense - P_evecta_Rhizome"
"275",91.6325317535522,27.1145349853559,2.16552714717448e-36,2.16552714717448e-36,"P_debilis - P_evecta_Rhizome"
"276",91.6325317535522,21.3183119268922,1.5471956315561e-30,1.5471956315561e-30,"P_evecta_leaf - P_evecta_Rhizome"
"277",91.6325317535522,-44.2084809543847,6.78989334045869e-49,6.78989334045869e-49,"A_marginata - P_Kesiya"
"278",91.6325317535522,-40.6718024780339,1.00756206923144e-46,1.00756206923144e-46,"A_pulchellus - P_Kesiya"
"279",91.6325317535522,-38.2157757583459,4.14048785725027e-45,4.14048785725027e-45,"A_vanprukii - P_Kesiya"
"280",91.6325317535522,-45.9768201925601,6.40582610225714e-50,6.40582610225714e-50,"B_anceps - P_Kesiya"
"281",91.6325317535522,-5.30501771452616,7.99998750790021e-07,7.99998750790021e-07,"B_insulana - P_Kesiya"
"282",91.6325317535522,-23.2831333026426,1.18953598860363e-32,1.18953598860363e-32,"C_filiformis - P_Kesiya"
"283",91.6325317535522,-7.07335695270155,8.02515544962155e-10,8.02515544962155e-10,"C_formosum - P_Kesiya"
"284",91.6325317535522,-47.7451594307355,6.5743484470552e-51,6.5743484470552e-51,"C_oblongifolius - P_Kesiya"
"285",91.6325317535522,-42.4401417162093,7.87817690786265e-48,7.87817690786265e-48,"C_tomentosa - P_Kesiya"
"286",91.6325317535522,-12.3783746672277,1.04366373429921e-18,1.04366373429921e-18,"D_castanea_leaf - P_Kesiya"
"287",91.6325317535522,-19.4517316199293,2.19081426735565e-28,2.19081426735565e-28,"D_castanea_twig - P_Kesiya"
"288",91.6325317535522,-3.53667847635077,0.000386734119832946,0.000386734119832946,"D_winitii - P_Kesiya"
"289",91.6325317535522,-15.9150531435785,7.12911986409065e-24,7.12911986409065e-24,"E_cherrevensis - P_Kesiya"
"290",91.6325317535522,-8.84169619087694,6.94755765276207e-13,6.94755765276207e-13,"E_cuneatum - P_Kesiya"
"291",91.6325317535522,-24.5602671968804,5.97035772394968e-34,5.97035772394968e-34,"E_succirubrum - P_Kesiya"
"292",91.6325317535522,-10.6100354290523,7.20172158235761e-16,7.20172158235761e-16,"F_indica - P_Kesiya"
"293",91.6325317535522,4.81381237058856,4.94119575409459e-06,4.94119575409459e-06,"G_cowa - P_Kesiya"
"294",91.6325317535522,-37.8228114831958,7.65760961926838e-45,7.65760961926838e-45,"G_daltonii  - P_Kesiya"
"295",91.6325317535522,-26.1321242974807,1.7805056557732e-35,1.7805056557732e-35,"H_perforata - P_Kesiya"
"296",91.6325317535522,-34.5808562132076,1.54664279154107e-42,1.54664279154107e-42,"L_coromandelica - P_Kesiya"
"297",91.6325317535522,-26.7215707102059,4.99057949341503e-36,4.99057949341503e-36,"P_anamense - P_Kesiya"
"298",91.6325317535522,4.02788382028838,7.8023874067877e-05,7.8023874067877e-05,"P_debilis - P_Kesiya"
"299",91.6325317535522,-1.76833923817539,0.0409618174827537,0.0409618174827537,"P_evecta_leaf - P_Kesiya"
"300",91.6325317535522,-23.0866511650676,1.90693859322862e-32,1.90693859322862e-32,"P_evecta_Rhizome - P_Kesiya"
"301",91.6325317535522,-12.3783746672277,1.04366373429921e-18,1.04366373429921e-18,"A_marginata - R_dumetorum"
"302",91.6325317535522,-8.84169619087694,6.94755765276207e-13,6.94755765276207e-13,"A_pulchellus - R_dumetorum"
"303",91.6325317535522,-6.3856694711889,1.22833984603473e-08,1.22833984603473e-08,"A_vanprukii - R_dumetorum"
"304",91.6325317535522,-14.1467139054031,2.23684555435196e-21,2.23684555435196e-21,"B_anceps - R_dumetorum"
"305",91.6325317535522,26.5250885726308,7.60561546406651e-36,7.60561546406651e-36,"B_insulana - R_dumetorum"
"306",91.6325317535522,8.54697298451437,2.23639860555977e-12,2.23639860555977e-12,"C_filiformis - R_dumetorum"
"307",91.6325317535522,24.7567493344554,3.81058316042053e-34,3.81058316042053e-34,"C_formosum - R_dumetorum"
"308",91.6325317535522,-15.9150531435785,7.12911986409065e-24,7.12911986409065e-24,"C_oblongifolius - R_dumetorum"
"309",91.6325317535522,-10.6100354290523,7.20172158235761e-16,7.20172158235761e-16,"C_tomentosa - R_dumetorum"
"310",91.6325317535522,19.4517316199293,2.19081426735565e-28,2.19081426735565e-28,"D_castanea_leaf - R_dumetorum"
"311",91.6325317535522,12.3783746672277,1.04366373429921e-18,1.04366373429921e-18,"D_castanea_twig - R_dumetorum"
"312",91.6325317535522,28.2934278108062,1.8791692588008e-37,1.8791692588008e-37,"D_winitii - R_dumetorum"
"313",91.6325317535522,15.9150531435785,7.12911986409065e-24,7.12911986409065e-24,"E_cherrevensis - R_dumetorum"
"314",91.6325317535522,22.98841009628,2.41733702455312e-32,2.41733702455312e-32,"E_cuneatum - R_dumetorum"
"315",91.6325317535522,7.26983909027659,3.66340431587591e-10,3.66340431587591e-10,"E_succirubrum - R_dumetorum"
"316",91.6325317535522,21.2200708581046,1.99139969647748e-30,1.99139969647748e-30,"F_indica - R_dumetorum"
"317",91.6325317535522,36.6439186577455,5.02073828310774e-44,5.02073828310774e-44,"G_cowa - R_dumetorum"
"318",91.6325317535522,-5.99270519603881,5.72640790438711e-08,5.72640790438711e-08,"G_daltonii  - R_dumetorum"
"319",91.6325317535522,5.69798198967625,1.79145439807304e-07,1.79145439807304e-07,"H_perforata - R_dumetorum"
"320",91.6325317535522,-2.7507499260506,0.00389191968407228,0.00389191968407228,"L_coromandelica - R_dumetorum"
"321",91.6325317535522,5.10853557695112,1.66952949008419e-06,1.66952949008419e-06,"P_anamense - R_dumetorum"
"322",91.6325317535522,35.8579901074453,1.81410036059827e-43,1.81410036059827e-43,"P_debilis - R_dumetorum"
"323",91.6325317535522,30.0617670489816,5.63382851229042e-39,5.63382851229042e-39,"P_evecta_leaf - R_dumetorum"
"324",91.6325317535522,8.74345512208942,1.02525828120752e-12,1.02525828120752e-12,"P_evecta_Rhizome - R_dumetorum"
"325",91.6325317535522,31.830106287157,2.01361747608683e-40,2.01361747608683e-40,"P_Kesiya - R_dumetorum"
"326",91.6325317535522,-30.0617670489816,5.63382851229042e-39,5.63382851229042e-39,"A_marginata - R_javanica"
"327",91.6325317535522,-26.5250885726308,7.60561546406651e-36,7.60561546406651e-36,"A_pulchellus - R_javanica"
"328",91.6325317535522,-24.0690618529428,1.85843544991189e-33,1.85843544991189e-33,"A_vanprukii - R_javanica"
"329",91.6325317535522,-31.830106287157,2.01361747608683e-40,2.01361747608683e-40,"B_anceps - R_javanica"
"330",91.6325317535522,8.84169619087694,6.94755765276207e-13,6.94755765276207e-13,"B_insulana - R_javanica"
"331",91.6325317535522,-9.1364193972395,2.16997421300917e-13,2.16997421300917e-13,"C_filiformis - R_javanica"
"332",91.6325317535522,7.07335695270155,8.02515544962155e-10,8.02515544962155e-10,"C_formosum - R_javanica"
"333",91.6325317535522,-33.5984455253324,8.4471920214911e-42,8.4471920214911e-42,"C_oblongifolius - R_javanica"
"334",91.6325317535522,-28.2934278108062,1.8791692588008e-37,1.8791692588008e-37,"C_tomentosa - R_javanica"
"335",91.6325317535522,1.76833923817539,0.0409618174827537,0.0409618174827537,"D_castanea_leaf - R_javanica"
"336",91.6325317535522,-5.30501771452616,7.99998750790021e-07,7.99998750790021e-07,"D_castanea_twig - R_javanica"
"337",91.6325317535522,10.6100354290523,7.20172158235761e-16,7.20172158235761e-16,"D_winitii - R_javanica"
"338",91.6325317535522,-1.76833923817539,0.0409618174827537,0.0409618174827537,"E_cherrevensis - R_javanica"
"339",91.6325317535522,5.30501771452616,7.99998750790021e-07,7.99998750790021e-07,"E_cuneatum - R_javanica"
"340",91.6325317535522,-10.4135532914773,1.52269513184643e-15,1.52269513184643e-15,"E_succirubrum - R_javanica"
"341",91.6325317535522,3.53667847635077,0.000386734119832946,0.000386734119832946,"F_indica - R_javanica"
"342",91.6325317535522,18.9605262759917,8.54510155517673e-28,8.54510155517673e-28,"G_cowa - R_javanica"
"343",91.6325317535522,-23.6760975777927,4.6727446324765e-33,4.6727446324765e-33,"G_daltonii  - R_javanica"
"344",91.6325317535522,-11.9854103920776,4.31658356097205e-18,4.31658356097205e-18,"H_perforata - R_javanica"
"345",91.6325317535522,-20.4341423078045,1.54952295190364e-29,1.54952295190364e-29,"L_coromandelica - R_javanica"
"346",91.6325317535522,-12.5748568048028,5.16942747727222e-19,5.16942747727222e-19,"P_anamense - R_javanica"
"347",91.6325317535522,18.1745977256915,7.95201423645414e-27,7.95201423645414e-27,"P_debilis - R_javanica"
"348",91.6325317535522,12.3783746672277,1.04366373429921e-18,1.04366373429921e-18,"P_evecta_leaf - R_javanica"
"349",91.6325317535522,-8.93993725966446,4.7107650211033e-13,4.7107650211033e-13,"P_evecta_Rhizome - R_javanica"
"350",91.6325317535522,14.1467139054031,2.23684555435196e-21,2.23684555435196e-21,"P_Kesiya - R_javanica"
"351",91.6325317535522,-17.6833923817539,3.31717264745622e-26,3.31717264745622e-26,"R_dumetorum - R_javanica"
"352",91.6325317535522,-9.82410687875215,1.47424154398777e-14,1.47424154398777e-14,"A_marginata - R_succedanea"
"353",91.6325317535522,-6.28742840240138,1.80800102783016e-08,1.80800102783016e-08,"A_pulchellus - R_succedanea"
"354",91.6325317535522,-3.83140168271334,0.000149937542213987,0.000149937542213987,"A_vanprukii - R_succedanea"
"355",91.6325317535522,-11.5924461169275,1.81995973530632e-17,1.81995973530632e-17,"B_anceps - R_succedanea"
"356",91.6325317535522,29.0793563611064,3.86466454420783e-38,3.86466454420783e-38,"B_insulana - R_succedanea"
"357",91.6325317535522,11.1012407729899,1.12887885322634e-16,1.12887885322634e-16,"C_filiformis - R_succedanea"
"358",91.6325317535522,27.311017122931,1.43197377019708e-36,1.43197377019708e-36,"C_formosum - R_succedanea"
"359",91.6325317535522,-13.3607853551029,3.26853966717854e-20,3.26853966717854e-20,"C_oblongifolius - R_succedanea"
"360",91.6325317535522,-8.05576764057676,1.58356334850945e-11,1.58356334850945e-11,"C_tomentosa - R_succedanea"
"361",91.6325317535522,22.0059994084048,2.7096974405108e-31,2.7096974405108e-31,"D_castanea_leaf - R_succedanea"
"362",91.6325317535522,14.9326424557033,1.6560964135881e-22,1.6560964135881e-22,"D_castanea_twig - R_succedanea"
"363",91.6325317535522,30.8476955992818,1.25535768349307e-39,1.25535768349307e-39,"D_winitii - R_succedanea"
"364",91.6325317535522,18.469320932054,3.41837317694651e-27,3.41837317694651e-27,"E_cherrevensis - R_succedanea"
"365",91.6325317535522,25.5426778847556,6.50812591865684e-35,6.50812591865684e-35,"E_cuneatum - R_succedanea"
"366",91.6325317535522,9.82410687875215,1.47424154398777e-14,1.47424154398777e-14,"E_succirubrum - R_succedanea"
"367",91.6325317535522,23.7743386465802,3.70651873969036e-33,3.70651873969036e-33,"F_indica - R_succedanea"
"368",91.6325317535522,39.1981864462211,9.12743240900845e-46,9.12743240900845e-46,"G_cowa - R_succedanea"
"369",91.6325317535522,-3.43843740756325,0.000525509134313653,0.000525509134313653,"G_daltonii  - R_succedanea"
"370",91.6325317535522,8.25224977815181,7.22993758200016e-12,7.22993758200016e-12,"H_perforata - R_succedanea"
"371",91.6325317535522,-0.196482137575044,0.422437720989873,0.422437720989873,"L_coromandelica - R_succedanea"
"372",91.6325317535522,7.66280336542668,7.61570268979022e-11,7.61570268979022e-11,"P_anamense - R_succedanea"
"373",91.6325317535522,38.4122578959209,3.05123917799345e-45,3.05123917799345e-45,"P_debilis - R_succedanea"
"374",91.6325317535522,32.6160348374571,4.82663374376151e-41,4.82663374376151e-41,"P_evecta_leaf - R_succedanea"
"375",91.6325317535522,11.297722910565,5.42144450181327e-17,5.42144450181327e-17,"P_evecta_Rhizome - R_succedanea"
"376",91.6325317535522,34.3843740756325,2.16436937186582e-42,2.16436937186582e-42,"P_Kesiya - R_succedanea"
"377",91.6325317535522,2.55426778847556,0.00655602275802663,0.00655602275802663,"R_dumetorum - R_succedanea"
"378",91.6325317535522,20.2376601702294,2.61195278098629e-29,2.61195278098629e-29,"R_javanica - R_succedanea"
"379",91.6325317535522,-26.5250885726308,7.60561546406651e-36,7.60561546406651e-36,"A_marginata - T_loureiri"
"380",91.6325317535522,-22.98841009628,2.41733702455312e-32,2.41733702455312e-32,"A_pulchellus - T_loureiri"
"381",91.6325317535522,-20.532383376592,1.19515241652866e-29,1.19515241652866e-29,"A_vanprukii - T_loureiri"
"382",91.6325317535522,-28.2934278108062,1.8791692588008e-37,1.8791692588008e-37,"B_anceps - T_loureiri"
"383",91.6325317535522,12.3783746672277,1.04366373429921e-18,1.04366373429921e-18,"B_insulana - T_loureiri"
"384",91.6325317535522,-5.59974092088873,2.61159398430846e-07,2.61159398430846e-07,"C_filiformis - T_loureiri"
"385",91.6325317535522,10.6100354290523,7.20172158235761e-16,7.20172158235761e-16,"C_formosum - T_loureiri"
"386",91.6325317535522,-30.0617670489816,5.63382851229042e-39,5.63382851229042e-39,"C_oblongifolius - T_loureiri"
"387",91.6325317535522,-24.7567493344554,3.81058316042053e-34,3.81058316042053e-34,"C_tomentosa - T_loureiri"
"388",91.6325317535522,5.30501771452616,7.99998750790021e-07,7.99998750790021e-07,"D_castanea_leaf - T_loureiri"
"389",91.6325317535522,-1.76833923817539,0.0409618174827537,0.0409618174827537,"D_castanea_twig - T_loureiri"
"390",91.6325317535522,14.1467139054031,2.23684555435196e-21,2.23684555435196e-21,"D_winitii - T_loureiri"
"391",91.6325317535522,1.76833923817539,0.0409618174827537,0.0409618174827537,"E_cherrevensis - T_loureiri"
"392",91.6325317535522,8.84169619087694,6.94755765276207e-13,6.94755765276207e-13,"E_cuneatum - T_loureiri"
"393",91.6325317535522,-6.8768748151265,1.75528130274388e-09,1.75528130274388e-09,"E_succirubrum - T_loureiri"
"394",91.6325317535522,7.07335695270155,8.02515544962155e-10,8.02515544962155e-10,"F_indica - T_loureiri"
"395",91.6325317535522,22.4972047523424,8.00992848420268e-32,8.00992848420268e-32,"G_cowa - T_loureiri"
"396",91.6325317535522,-20.1394191014419,3.39595888396715e-29,3.39595888396715e-29,"G_daltonii  - T_loureiri"
"397",91.6325317535522,-8.44873191572685,3.30543338341092e-12,3.30543338341092e-12,"H_perforata - T_loureiri"
"398",91.6325317535522,-16.8974638314537,3.44964985062542e-25,3.44964985062542e-25,"L_coromandelica - T_loureiri"
"399",91.6325317535522,-9.03817832845198,3.19614988889693e-13,3.19614988889693e-13,"P_anamense - T_loureiri"
"400",91.6325317535522,21.7112762020423,5.68753209985938e-31,5.68753209985938e-31,"P_debilis - T_loureiri"
"401",91.6325317535522,15.9150531435785,7.12911986409065e-24,7.12911986409065e-24,"P_evecta_leaf - T_loureiri"
"402",91.6325317535522,-5.40325878331368,5.51948630685968e-07,5.51948630685968e-07,"P_evecta_Rhizome - T_loureiri"
"403",91.6325317535522,17.6833923817539,3.31717264745622e-26,3.31717264745622e-26,"P_Kesiya - T_loureiri"
"404",91.6325317535522,-14.1467139054031,2.23684555435196e-21,2.23684555435196e-21,"R_dumetorum - T_loureiri"
"405",91.6325317535522,3.53667847635077,0.000386734119832946,0.000386734119832946,"R_javanica - T_loureiri"
"406",91.6325317535522,-16.7009816938787,6.26409746629278e-25,6.26409746629278e-25,"R_succedanea - T_loureiri"
"407",91.6325317535522,-45.9768201925601,6.40582610225714e-50,6.40582610225714e-50,"A_marginata - T_mucronata"
"408",91.6325317535522,-42.4401417162093,7.87817690786265e-48,7.87817690786265e-48,"A_pulchellus - T_mucronata"
"409",91.6325317535522,-39.9841149965212,2.79150971750519e-46,2.79150971750519e-46,"A_vanprukii - T_mucronata"
"410",91.6325317535522,-47.7451594307355,6.5743484470552e-51,6.5743484470552e-51,"B_anceps - T_mucronata"
"411",91.6325317535522,-7.07335695270155,8.02515544962155e-10,8.02515544962155e-10,"B_insulana - T_mucronata"
"412",91.6325317535522,-25.051472540818,1.95363663631411e-34,1.95363663631411e-34,"C_filiformis - T_mucronata"
"413",91.6325317535522,-8.84169619087694,6.94755765276207e-13,6.94755765276207e-13,"C_formosum - T_mucronata"
"414",91.6325317535522,-49.5134986689108,7.2987448282333e-52,7.2987448282333e-52,"C_oblongifolius - T_mucronata"
"415",91.6325317535522,-44.2084809543847,6.78989334045869e-49,6.78989334045869e-49,"C_tomentosa - T_mucronata"
"416",91.6325317535522,-14.1467139054031,2.23684555435196e-21,2.23684555435196e-21,"D_castanea_leaf - T_mucronata"
"417",91.6325317535522,-21.2200708581046,1.99139969647748e-30,1.99139969647748e-30,"D_castanea_twig - T_mucronata"
"418",91.6325317535522,-5.30501771452616,7.99998750790021e-07,7.99998750790021e-07,"D_winitii - T_mucronata"
"419",91.6325317535522,-17.6833923817539,3.31717264745622e-26,3.31717264745622e-26,"E_cherrevensis - T_mucronata"
"420",91.6325317535522,-10.6100354290523,7.20172158235761e-16,7.20172158235761e-16,"E_cuneatum - T_mucronata"
"421",91.6325317535522,-26.3286064350558,1.16214659472197e-35,1.16214659472197e-35,"E_succirubrum - T_mucronata"
"422",91.6325317535522,-12.3783746672277,1.04366373429921e-18,1.04366373429921e-18,"F_indica - T_mucronata"
"423",91.6325317535522,3.04547313241317,0.00170423318685362,0.00170423318685362,"G_cowa - T_mucronata"
"424",91.6325317535522,-39.5911507213712,5.03399473344452e-46,5.03399473344452e-46,"G_daltonii  - T_mucronata"
"425",91.6325317535522,-27.9004635356561,4.2030599811381e-37,4.2030599811381e-37,"H_perforata - T_mucronata"
"426",91.6325317535522,-36.349195451383,8.10378579376722e-44,8.10378579376722e-44,"L_coromandelica - T_mucronata"
"427",91.6325317535522,-28.4899099483812,1.26103113271379e-37,1.26103113271379e-37,"P_anamense - T_mucronata"
"428",91.6325317535522,2.25954458211299,0.0136870914574001,0.0136870914574001,"P_debilis - T_mucronata"
"429",91.6325317535522,-3.53667847635077,0.000386734119832946,0.000386734119832946,"P_evecta_leaf - T_mucronata"
"430",91.6325317535522,-24.8549904032429,3.04762765709373e-34,3.04762765709373e-34,"P_evecta_Rhizome - T_mucronata"
"431",91.6325317535522,-1.76833923817539,0.0409618174827537,0.0409618174827537,"P_Kesiya - T_mucronata"
"432",91.6325317535522,-33.5984455253324,8.4471920214911e-42,8.4471920214911e-42,"R_dumetorum - T_mucronata"
"433",91.6325317535522,-15.9150531435785,7.12911986409065e-24,7.12911986409065e-24,"R_javanica - T_mucronata"
"434",91.6325317535522,-36.1527133138079,1.11726799122763e-43,1.11726799122763e-43,"R_succedanea - T_mucronata"
"435",91.6325317535522,-19.4517316199293,2.19081426735565e-28,2.19081426735565e-28,"T_loureiri - T_mucronata"
"436",91.6325317535522,-14.1467139054031,2.23684555435196e-21,2.23684555435196e-21,"A_marginata - T_triptera"
"437",91.6325317535522,-10.6100354290523,7.20172158235761e-16,7.20172158235761e-16,"A_pulchellus - T_triptera"
"438",91.6325317535522,-8.15400870936428,1.06984590666028e-11,1.06984590666028e-11,"A_vanprukii - T_triptera"
"439",91.6325317535522,-15.9150531435785,7.12911986409065e-24,7.12911986409065e-24,"B_anceps - T_triptera"
"440",91.6325317535522,24.7567493344554,3.81058316042053e-34,3.81058316042053e-34,"B_insulana - T_triptera"
"441",91.6325317535522,6.77863374633898,2.59392176080852e-09,2.59392176080852e-09,"C_filiformis - T_triptera"
"442",91.6325317535522,22.98841009628,2.41733702455312e-32,2.41733702455312e-32,"C_formosum - T_triptera"
"443",91.6325317535522,-17.6833923817539,3.31717264745622e-26,3.31717264745622e-26,"C_oblongifolius - T_triptera"
"444",91.6325317535522,-12.3783746672277,1.04366373429921e-18,1.04366373429921e-18,"C_tomentosa - T_triptera"
"445",91.6325317535522,17.6833923817539,3.31717264745622e-26,3.31717264745622e-26,"D_castanea_leaf - T_triptera"
"446",91.6325317535522,10.6100354290523,7.20172158235761e-16,7.20172158235761e-16,"D_castanea_twig - T_triptera"
"447",91.6325317535522,26.5250885726308,7.60561546406651e-36,7.60561546406651e-36,"D_winitii - T_triptera"
"448",91.6325317535522,14.1467139054031,2.23684555435196e-21,2.23684555435196e-21,"E_cherrevensis - T_triptera"
"449",91.6325317535522,21.2200708581046,1.99139969647748e-30,1.99139969647748e-30,"E_cuneatum - T_triptera"
"450",91.6325317535522,5.50149985210121,3.80032005470132e-07,3.80032005470132e-07,"E_succirubrum - T_triptera"
"451",91.6325317535522,19.4517316199293,2.19081426735565e-28,2.19081426735565e-28,"F_indica - T_triptera"
"452",91.6325317535522,34.8755794195701,9.37294704918653e-43,9.37294704918653e-43,"G_cowa - T_triptera"
"453",91.6325317535522,-7.7610444342142,5.14181781653842e-11,5.14181781653842e-11,"G_daltonii  - T_triptera"
"454",91.6325317535522,3.92964275150086,0.000108382816534963,0.000108382816534963,"H_perforata - T_triptera"
"455",91.6325317535522,-4.51908916422599,1.4258232464382e-05,1.4258232464382e-05,"L_coromandelica - T_triptera"
"456",91.6325317535522,3.34019633877573,0.000710624253414015,0.000710624253414015,"P_anamense - T_triptera"
"457",91.6325317535522,34.08965086927,3.594675911597e-42,3.594675911597e-42,"P_debilis - T_triptera"
"458",91.6325317535522,28.2934278108062,1.8791692588008e-37,1.8791692588008e-37,"P_evecta_leaf - T_triptera"
"459",91.6325317535522,6.97511588391403,1.18713710687613e-09,1.18713710687613e-09,"P_evecta_Rhizome - T_triptera"
"460",91.6325317535522,30.0617670489816,5.63382851229042e-39,5.63382851229042e-39,"P_Kesiya - T_triptera"
"461",91.6325317535522,-1.76833923817539,0.0409618174827537,0.0409618174827537,"R_dumetorum - T_triptera"
"462",91.6325317535522,15.9150531435785,7.12911986409065e-24,7.12911986409065e-24,"R_javanica - T_triptera"
"463",91.6325317535522,-4.32260702665095,2.84429997431077e-05,2.84429997431077e-05,"R_succedanea - T_triptera"
"464",91.6325317535522,12.3783746672277,1.04366373429921e-18,1.04366373429921e-18,"T_loureiri - T_triptera"
"465",91.6325317535522,31.830106287157,2.01361747608683e-40,2.01361747608683e-40,"T_mucronata - T_triptera"
