,chi2,T,P,P_adjusted,comparitor_1,comparitor_2
1,91.63253175,-3.536678476,0.000,0.000,A_marginata,A_pulchellus
2,91.63253175,-5.992705196,0.000,0.000,A_marginata,A_vanprukii
3,91.63253175,-2.45602672,0.008,0.008,A_pulchellus,A_vanprukii
4,91.63253175,1.768339238,0.041,0.041,A_marginata,B_anceps
5,91.63253175,5.305017715,0.000,0.000,A_pulchellus,B_anceps
6,91.63253175,7.761044434,0.000,0.000,A_vanprukii,B_anceps
7,91.63253175,-38.90346324,0.000,0.000,A_marginata,B_insulana
8,91.63253175,-35.36678476,0.000,0.000,A_pulchellus,B_insulana
9,91.63253175,-32.91075804,0.000,0.000,A_vanprukii,B_insulana
10,91.63253175,-40.67180248,0.000,0.000,B_anceps,B_insulana
11,91.63253175,-20.92534765,0.000,0.000,A_marginata,C_filiformis
12,91.63253175,-17.38866918,0.000,0.000,A_pulchellus,C_filiformis
13,91.63253175,-14.93264246,0.000,0.000,A_vanprukii,C_filiformis
14,91.63253175,-22.69368689,0.000,0.000,B_anceps,C_filiformis
15,91.63253175,17.97811559,0.000,0.000,B_insulana,C_filiformis
16,91.63253175,-37.135124,0.000,0.000,A_marginata,C_formosum
17,91.63253175,-33.59844553,0.000,0.000,A_pulchellus,C_formosum
18,91.63253175,-31.14241881,0.000,0.000,A_vanprukii,C_formosum
19,91.63253175,-38.90346324,0.000,0.000,B_anceps,C_formosum
20,91.63253175,1.768339238,0.041,0.041,B_insulana,C_formosum
21,91.63253175,-16.20977635,0.000,0.000,C_filiformis,C_formosum
22,91.63253175,3.536678476,0.000,0.000,A_marginata,C_oblongifolius
23,91.63253175,7.073356953,0.000,0.000,A_pulchellus,C_oblongifolius
24,91.63253175,9.529383672,0.000,0.000,A_vanprukii,C_oblongifolius
25,91.63253175,1.768339238,0.041,0.041,B_anceps,C_oblongifolius
26,91.63253175,42.44014172,0.000,0.000,B_insulana,C_oblongifolius
27,91.63253175,24.46202613,0.000,0.000,C_filiformis,C_oblongifolius
28,91.63253175,40.67180248,0.000,0.000,C_formosum,C_oblongifolius
29,91.63253175,-1.768339238,0.041,0.041,A_marginata,C_tomentosa
30,91.63253175,1.768339238,0.041,0.041,A_pulchellus,C_tomentosa
31,91.63253175,4.224365958,0.000,0.000,A_vanprukii,C_tomentosa
32,91.63253175,-3.536678476,0.000,0.000,B_anceps,C_tomentosa
33,91.63253175,37.135124,0.000,0.000,B_insulana,C_tomentosa
34,91.63253175,19.15700841,0.000,0.000,C_filiformis,C_tomentosa
35,91.63253175,35.36678476,0.000,0.000,C_formosum,C_tomentosa
36,91.63253175,-5.305017715,0.000,0.000,C_oblongifolius,C_tomentosa
37,91.63253175,-31.83010629,0.000,0.000,A_marginata,D_castanea_leaf
38,91.63253175,-28.29342781,0.000,0.000,A_pulchellus,D_castanea_leaf
39,91.63253175,-25.83740109,0.000,0.000,A_vanprukii,D_castanea_leaf
40,91.63253175,-33.59844553,0.000,0.000,B_anceps,D_castanea_leaf
41,91.63253175,7.073356953,0.000,0.000,B_insulana,D_castanea_leaf
42,91.63253175,-10.90475864,0.000,0.000,C_filiformis,D_castanea_leaf
43,91.63253175,5.305017715,0.000,0.000,C_formosum,D_castanea_leaf
44,91.63253175,-35.36678476,0.000,0.000,C_oblongifolius,D_castanea_leaf
45,91.63253175,-30.06176705,0.000,0.000,C_tomentosa,D_castanea_leaf
46,91.63253175,-24.75674933,0.000,0.000,A_marginata,D_castanea_twig
47,91.63253175,-21.22007086,0.000,0.000,A_pulchellus,D_castanea_twig
48,91.63253175,-18.76404414,0.000,0.000,A_vanprukii,D_castanea_twig
49,91.63253175,-26.52508857,0.000,0.000,B_anceps,D_castanea_twig
50,91.63253175,14.14671391,0.000,0.000,B_insulana,D_castanea_twig
51,91.63253175,-3.831401683,0.000,0.000,C_filiformis,D_castanea_twig
52,91.63253175,12.37837467,0.000,0.000,C_formosum,D_castanea_twig
53,91.63253175,-28.29342781,0.000,0.000,C_oblongifolius,D_castanea_twig
54,91.63253175,-22.9884101,0.000,0.000,C_tomentosa,D_castanea_twig
55,91.63253175,7.073356953,0.000,0.000,D_castanea_leaf,D_castanea_twig
56,91.63253175,-40.67180248,0.000,0.000,A_marginata,D_winitii
57,91.63253175,-37.135124,0.000,0.000,A_pulchellus,D_winitii
58,91.63253175,-34.67909728,0.000,0.000,A_vanprukii,D_winitii
59,91.63253175,-42.44014172,0.000,0.000,B_anceps,D_winitii
60,91.63253175,-1.768339238,0.041,0.041,B_insulana,D_winitii
61,91.63253175,-19.74645483,0.000,0.000,C_filiformis,D_winitii
62,91.63253175,-3.536678476,0.000,0.000,C_formosum,D_winitii
63,91.63253175,-44.20848095,0.000,0.000,C_oblongifolius,D_winitii
64,91.63253175,-38.90346324,0.000,0.000,C_tomentosa,D_winitii
65,91.63253175,-8.841696191,0.000,0.000,D_castanea_leaf,D_winitii
66,91.63253175,-15.91505314,0.000,0.000,D_castanea_twig,D_winitii
67,91.63253175,-28.29342781,0.000,0.000,A_marginata,E_cherrevensis
68,91.63253175,-24.75674933,0.000,0.000,A_pulchellus,E_cherrevensis
69,91.63253175,-22.30072261,0.000,0.000,A_vanprukii,E_cherrevensis
70,91.63253175,-30.06176705,0.000,0.000,B_anceps,E_cherrevensis
71,91.63253175,10.61003543,0.000,0.000,B_insulana,E_cherrevensis
72,91.63253175,-7.368080159,0.000,0.000,C_filiformis,E_cherrevensis
73,91.63253175,8.841696191,0.000,0.000,C_formosum,E_cherrevensis
74,91.63253175,-31.83010629,0.000,0.000,C_oblongifolius,E_cherrevensis
75,91.63253175,-26.52508857,0.000,0.000,C_tomentosa,E_cherrevensis
76,91.63253175,3.536678476,0.000,0.000,D_castanea_leaf,E_cherrevensis
77,91.63253175,-3.536678476,0.000,0.000,D_castanea_twig,E_cherrevensis
78,91.63253175,12.37837467,0.000,0.000,D_winitii,E_cherrevensis
79,91.63253175,-35.36678476,0.000,0.000,A_marginata,E_cuneatum
80,91.63253175,-31.83010629,0.000,0.000,A_pulchellus,E_cuneatum
81,91.63253175,-29.37407957,0.000,0.000,A_vanprukii,E_cuneatum
82,91.63253175,-37.135124,0.000,0.000,B_anceps,E_cuneatum
83,91.63253175,3.536678476,0.000,0.000,B_insulana,E_cuneatum
84,91.63253175,-14.44143711,0.000,0.000,C_filiformis,E_cuneatum
85,91.63253175,1.768339238,0.041,0.041,C_formosum,E_cuneatum
86,91.63253175,-38.90346324,0.000,0.000,C_oblongifolius,E_cuneatum
87,91.63253175,-33.59844553,0.000,0.000,C_tomentosa,E_cuneatum
88,91.63253175,-3.536678476,0.000,0.000,D_castanea_leaf,E_cuneatum
89,91.63253175,-10.61003543,0.000,0.000,D_castanea_twig,E_cuneatum
90,91.63253175,5.305017715,0.000,0.000,D_winitii,E_cuneatum
91,91.63253175,-7.073356953,0.000,0.000,E_cherrevensis,E_cuneatum
92,91.63253175,-19.64821376,0.000,0.000,A_marginata,E_succirubrum
93,91.63253175,-16.11153528,0.000,0.000,A_pulchellus,E_succirubrum
94,91.63253175,-13.65550856,0.000,0.000,A_vanprukii,E_succirubrum
95,91.63253175,-21.416553,0.000,0.000,B_anceps,E_succirubrum
96,91.63253175,19.25524948,0.000,0.000,B_insulana,E_succirubrum
97,91.63253175,1.277133894,0.103,0.103,C_filiformis,E_succirubrum
98,91.63253175,17.48691024,0.000,0.000,C_formosum,E_succirubrum
99,91.63253175,-23.18489223,0.000,0.000,C_oblongifolius,E_succirubrum
100,91.63253175,-17.87987452,0.000,0.000,C_tomentosa,E_succirubrum
101,91.63253175,12.18189253,0.000,0.000,D_castanea_leaf,E_succirubrum
102,91.63253175,5.108535577,0.000,0.000,D_castanea_twig,E_succirubrum
103,91.63253175,21.02358872,0.000,0.000,D_winitii,E_succirubrum
104,91.63253175,8.645214053,0.000,0.000,E_cherrevensis,E_succirubrum
105,91.63253175,15.71857101,0.000,0.000,E_cuneatum,E_succirubrum
106,91.63253175,-33.59844553,0.000,0.000,A_marginata,F_indica
107,91.63253175,-30.06176705,0.000,0.000,A_pulchellus,F_indica
108,91.63253175,-27.60574033,0.000,0.000,A_vanprukii,F_indica
109,91.63253175,-35.36678476,0.000,0.000,B_anceps,F_indica
110,91.63253175,5.305017715,0.000,0.000,B_insulana,F_indica
111,91.63253175,-12.67309787,0.000,0.000,C_filiformis,F_indica
112,91.63253175,3.536678476,0.000,0.000,C_formosum,F_indica
113,91.63253175,-37.135124,0.000,0.000,C_oblongifolius,F_indica
114,91.63253175,-31.83010629,0.000,0.000,C_tomentosa,F_indica
115,91.63253175,-1.768339238,0.041,0.041,D_castanea_leaf,F_indica
116,91.63253175,-8.841696191,0.000,0.000,D_castanea_twig,F_indica
117,91.63253175,7.073356953,0.000,0.000,D_winitii,F_indica
118,91.63253175,-5.305017715,0.000,0.000,E_cherrevensis,F_indica
119,91.63253175,1.768339238,0.041,0.041,E_cuneatum,F_indica
120,91.63253175,-13.95023177,0.000,0.000,E_succirubrum,F_indica
121,91.63253175,-49.02229332,0.000,0.000,A_marginata,G_cowa
122,91.63253175,-45.48561485,0.000,0.000,A_pulchellus,G_cowa
123,91.63253175,-43.02958813,0.000,0.000,A_vanprukii,G_cowa
124,91.63253175,-50.79063256,0.000,0.000,B_anceps,G_cowa
125,91.63253175,-10.11883009,0.000,0.000,B_insulana,G_cowa
126,91.63253175,-28.09694567,0.000,0.000,C_filiformis,G_cowa
127,91.63253175,-11.88716932,0.000,0.000,C_formosum,G_cowa
128,91.63253175,-52.5589718,0.000,0.000,C_oblongifolius,G_cowa
129,91.63253175,-47.25395409,0.000,0.000,C_tomentosa,G_cowa
130,91.63253175,-17.19218704,0.000,0.000,D_castanea_leaf,G_cowa
131,91.63253175,-24.26554399,0.000,0.000,D_castanea_twig,G_cowa
132,91.63253175,-8.350490847,0.000,0.000,D_winitii,G_cowa
133,91.63253175,-20.72886551,0.000,0.000,E_cherrevensis,G_cowa
134,91.63253175,-13.65550856,0.000,0.000,E_cuneatum,G_cowa
135,91.63253175,-29.37407957,0.000,0.000,E_succirubrum,G_cowa
136,91.63253175,-15.4238478,0.000,0.000,F_indica,G_cowa
137,91.63253175,-6.385669471,0.000,0.000,A_marginata,G_daltonii
138,91.63253175,-2.848990995,0.003,0.003,A_pulchellus,G_daltonii
139,91.63253175,-0.392964275,0.348,0.348,A_vanprukii,G_daltonii
140,91.63253175,-8.154008709,0.000,0.000,B_anceps,G_daltonii
141,91.63253175,32.51779377,0.000,0.000,B_insulana,G_daltonii
142,91.63253175,14.53967818,0.000,0.000,C_filiformis,G_daltonii
143,91.63253175,30.74945453,0.000,0.000,C_formosum,G_daltonii
144,91.63253175,-9.922347948,0.000,0.000,C_oblongifolius,G_daltonii
145,91.63253175,-4.617330233,0.000,0.000,C_tomentosa,G_daltonii
146,91.63253175,25.44443682,0.000,0.000,D_castanea_leaf,G_daltonii
147,91.63253175,18.37107986,0.000,0.000,D_castanea_twig,G_daltonii
148,91.63253175,34.28613301,0.000,0.000,D_winitii,G_daltonii
149,91.63253175,21.90775834,0.000,0.000,E_cherrevensis,G_daltonii
150,91.63253175,28.98111529,0.000,0.000,E_cuneatum,G_daltonii
151,91.63253175,13.26254429,0.000,0.000,E_succirubrum,G_daltonii
152,91.63253175,27.21277605,0.000,0.000,F_indica,G_daltonii
153,91.63253175,42.63662385,0.000,0.000,G_cowa,G_daltonii
154,91.63253175,-18.07635666,0.000,0.000,A_marginata,H_perforata
155,91.63253175,-14.53967818,0.000,0.000,A_pulchellus,H_perforata
156,91.63253175,-12.08365146,0.000,0.000,A_vanprukii,H_perforata
157,91.63253175,-19.8446959,0.000,0.000,B_anceps,H_perforata
158,91.63253175,20.82710658,0.000,0.000,B_insulana,H_perforata
159,91.63253175,2.848990995,0.003,0.003,C_filiformis,H_perforata
160,91.63253175,19.05876734,0.000,0.000,C_formosum,H_perforata
161,91.63253175,-21.61303513,0.000,0.000,C_oblongifolius,H_perforata
162,91.63253175,-16.30801742,0.000,0.000,C_tomentosa,H_perforata
163,91.63253175,13.75374963,0.000,0.000,D_castanea_leaf,H_perforata
164,91.63253175,6.680392678,0.000,0.000,D_castanea_twig,H_perforata
165,91.63253175,22.59544582,0.000,0.000,D_winitii,H_perforata
166,91.63253175,10.21707115,0.000,0.000,E_cherrevensis,H_perforata
167,91.63253175,17.29042811,0.000,0.000,E_cuneatum,H_perforata
168,91.63253175,1.571857101,0.061,0.061,E_succirubrum,H_perforata
169,91.63253175,15.52208887,0.000,0.000,F_indica,H_perforata
170,91.63253175,30.94593667,0.000,0.000,G_cowa,H_perforata
171,91.63253175,-11.69068719,0.000,0.000,G_daltonii,H_perforata
172,91.63253175,-9.627624741,0.000,0.000,A_marginata,L_coromandelica
173,91.63253175,-6.090946265,0.000,0.000,A_pulchellus,L_coromandelica
174,91.63253175,-3.634919545,0.000,0.000,A_vanprukii,L_coromandelica
175,91.63253175,-11.39596398,0.000,0.000,B_anceps,L_coromandelica
176,91.63253175,29.2758385,0.000,0.000,B_insulana,L_coromandelica
177,91.63253175,11.29772291,0.000,0.000,C_filiformis,L_coromandelica
178,91.63253175,27.50749926,0.000,0.000,C_formosum,L_coromandelica
179,91.63253175,-13.16430322,0.000,0.000,C_oblongifolius,L_coromandelica
180,91.63253175,-7.859285503,0.000,0.000,C_tomentosa,L_coromandelica
181,91.63253175,22.20248155,0.000,0.000,D_castanea_leaf,L_coromandelica
182,91.63253175,15.12912459,0.000,0.000,D_castanea_twig,L_coromandelica
183,91.63253175,31.04417774,0.000,0.000,D_winitii,L_coromandelica
184,91.63253175,18.66580307,0.000,0.000,E_cherrevensis,L_coromandelica
185,91.63253175,25.73916002,0.000,0.000,E_cuneatum,L_coromandelica
186,91.63253175,10.02058902,0.000,0.000,E_succirubrum,L_coromandelica
187,91.63253175,23.97082078,0.000,0.000,F_indica,L_coromandelica
188,91.63253175,39.39466858,0.000,0.000,G_cowa,L_coromandelica
189,91.63253175,-3.24195527,0.001,0.001,G_daltonii,L_coromandelica
190,91.63253175,8.448731916,0.000,0.000,H_perforata,L_coromandelica
191,91.63253175,-17.48691024,0.000,0.000,A_marginata,P_anamense
192,91.63253175,-13.95023177,0.000,0.000,A_pulchellus,P_anamense
193,91.63253175,-11.49420505,0.000,0.000,A_vanprukii,P_anamense
194,91.63253175,-19.25524948,0.000,0.000,B_anceps,P_anamense
195,91.63253175,21.416553,0.000,0.000,B_insulana,P_anamense
196,91.63253175,3.438437408,0.001,0.001,C_filiformis,P_anamense
197,91.63253175,19.64821376,0.000,0.000,C_formosum,P_anamense
198,91.63253175,-21.02358872,0.000,0.000,C_oblongifolius,P_anamense
199,91.63253175,-15.71857101,0.000,0.000,C_tomentosa,P_anamense
200,91.63253175,14.34319604,0.000,0.000,D_castanea_leaf,P_anamense
201,91.63253175,7.26983909,0.000,0.000,D_castanea_twig,P_anamense
202,91.63253175,23.18489223,0.000,0.000,D_winitii,P_anamense
203,91.63253175,10.80651757,0.000,0.000,E_cherrevensis,P_anamense
204,91.63253175,17.87987452,0.000,0.000,E_cuneatum,P_anamense
205,91.63253175,2.161303513,0.017,0.017,E_succirubrum,P_anamense
206,91.63253175,16.11153528,0.000,0.000,F_indica,P_anamense
207,91.63253175,31.53538308,0.000,0.000,G_cowa,P_anamense
208,91.63253175,-11.10124077,0.000,0.000,G_daltonii,P_anamense
209,91.63253175,0.589446413,0.279,0.279,H_perforata,P_anamense
210,91.63253175,-7.859285503,0.000,0.000,L_coromandelica,P_anamense
211,91.63253175,-48.23636477,0.000,0.000,A_marginata,P_debilis
212,91.63253175,-44.6996863,0.000,0.000,A_pulchellus,P_debilis
213,91.63253175,-42.24365958,0.000,0.000,A_vanprukii,P_debilis
214,91.63253175,-50.00470401,0.000,0.000,B_anceps,P_debilis
215,91.63253175,-9.332901535,0.000,0.000,B_insulana,P_debilis
216,91.63253175,-27.31101712,0.000,0.000,C_filiformis,P_debilis
217,91.63253175,-11.10124077,0.000,0.000,C_formosum,P_debilis
218,91.63253175,-51.77304325,0.000,0.000,C_oblongifolius,P_debilis
219,91.63253175,-46.46802554,0.000,0.000,C_tomentosa,P_debilis
220,91.63253175,-16.40625849,0.000,0.000,D_castanea_leaf,P_debilis
221,91.63253175,-23.47961544,0.000,0.000,D_castanea_twig,P_debilis
222,91.63253175,-7.564562297,0.000,0.000,D_winitii,P_debilis
223,91.63253175,-19.94293696,0.000,0.000,E_cherrevensis,P_debilis
224,91.63253175,-12.86958001,0.000,0.000,E_cuneatum,P_debilis
225,91.63253175,-28.58815102,0.000,0.000,E_succirubrum,P_debilis
226,91.63253175,-14.63791925,0.000,0.000,F_indica,P_debilis
227,91.63253175,0.78592855,0.217,0.217,G_cowa,P_debilis
228,91.63253175,-41.8506953,0.000,0.000,G_daltonii,P_debilis
229,91.63253175,-30.16000812,0.000,0.000,H_perforata,P_debilis
230,91.63253175,-38.60874003,0.000,0.000,L_coromandelica,P_debilis
231,91.63253175,-30.74945453,0.000,0.000,P_anamense,P_debilis
232,91.63253175,-42.44014172,0.000,0.000,A_marginata,P_evecta_leaf
233,91.63253175,-38.90346324,0.000,0.000,A_pulchellus,P_evecta_leaf
234,91.63253175,-36.44743652,0.000,0.000,A_vanprukii,P_evecta_leaf
235,91.63253175,-44.20848095,0.000,0.000,B_anceps,P_evecta_leaf
236,91.63253175,-3.536678476,0.000,0.000,B_insulana,P_evecta_leaf
237,91.63253175,-21.51479406,0.000,0.000,C_filiformis,P_evecta_leaf
238,91.63253175,-5.305017715,0.000,0.000,C_formosum,P_evecta_leaf
239,91.63253175,-45.97682019,0.000,0.000,C_oblongifolius,P_evecta_leaf
240,91.63253175,-40.67180248,0.000,0.000,C_tomentosa,P_evecta_leaf
241,91.63253175,-10.61003543,0.000,0.000,D_castanea_leaf,P_evecta_leaf
242,91.63253175,-17.68339238,0.000,0.000,D_castanea_twig,P_evecta_leaf
243,91.63253175,-1.768339238,0.041,0.041,D_winitii,P_evecta_leaf
244,91.63253175,-14.14671391,0.000,0.000,E_cherrevensis,P_evecta_leaf
245,91.63253175,-7.073356953,0.000,0.000,E_cuneatum,P_evecta_leaf
246,91.63253175,-22.79192796,0.000,0.000,E_succirubrum,P_evecta_leaf
247,91.63253175,-8.841696191,0.000,0.000,F_indica,P_evecta_leaf
248,91.63253175,6.582151609,0.000,0.000,G_cowa,P_evecta_leaf
249,91.63253175,-36.05447225,0.000,0.000,G_daltonii,P_evecta_leaf
250,91.63253175,-24.36378506,0.000,0.000,H_perforata,P_evecta_leaf
251,91.63253175,-32.81251698,0.000,0.000,L_coromandelica,P_evecta_leaf
252,91.63253175,-24.95323147,0.000,0.000,P_anamense,P_evecta_leaf
253,91.63253175,5.796223058,0.000,0.000,P_debilis,P_evecta_leaf
254,91.63253175,-21.12182979,0.000,0.000,A_marginata,P_evecta_Rhizome
255,91.63253175,-17.58515131,0.000,0.000,A_pulchellus,P_evecta_Rhizome
256,91.63253175,-15.12912459,0.000,0.000,A_vanprukii,P_evecta_Rhizome
257,91.63253175,-22.89016903,0.000,0.000,B_anceps,P_evecta_Rhizome
258,91.63253175,17.78163345,0.000,0.000,B_insulana,P_evecta_Rhizome
259,91.63253175,-0.196482138,0.422,0.422,C_filiformis,P_evecta_Rhizome
260,91.63253175,16.01329421,0.000,0.000,C_formosum,P_evecta_Rhizome
261,91.63253175,-24.65850827,0.000,0.000,C_oblongifolius,P_evecta_Rhizome
262,91.63253175,-19.35349055,0.000,0.000,C_tomentosa,P_evecta_Rhizome
263,91.63253175,10.7082765,0.000,0.000,D_castanea_leaf,P_evecta_Rhizome
264,91.63253175,3.634919545,0.000,0.000,D_castanea_twig,P_evecta_Rhizome
265,91.63253175,19.54997269,0.000,0.000,D_winitii,P_evecta_Rhizome
266,91.63253175,7.171598021,0.000,0.000,E_cherrevensis,P_evecta_Rhizome
267,91.63253175,14.24495497,0.000,0.000,E_cuneatum,P_evecta_Rhizome
268,91.63253175,-1.473616032,0.073,0.073,E_succirubrum,P_evecta_Rhizome
269,91.63253175,12.47661574,0.000,0.000,F_indica,P_evecta_Rhizome
270,91.63253175,27.90046354,0.000,0.000,G_cowa,P_evecta_Rhizome
271,91.63253175,-14.73616032,0.000,0.000,G_daltonii,P_evecta_Rhizome
272,91.63253175,-3.045473132,0.002,0.002,H_perforata,P_evecta_Rhizome
273,91.63253175,-11.49420505,0.000,0.000,L_coromandelica,P_evecta_Rhizome
274,91.63253175,-3.634919545,0.000,0.000,P_anamense,P_evecta_Rhizome
275,91.63253175,27.11453499,0.000,0.000,P_debilis,P_evecta_Rhizome
276,91.63253175,21.31831193,0.000,0.000,P_evecta_leaf,P_evecta_Rhizome
277,91.63253175,-44.20848095,0.000,0.000,A_marginata,P_Kesiya
278,91.63253175,-40.67180248,0.000,0.000,A_pulchellus,P_Kesiya
279,91.63253175,-38.21577576,0.000,0.000,A_vanprukii,P_Kesiya
280,91.63253175,-45.97682019,0.000,0.000,B_anceps,P_Kesiya
281,91.63253175,-5.305017715,0.000,0.000,B_insulana,P_Kesiya
282,91.63253175,-23.2831333,0.000,0.000,C_filiformis,P_Kesiya
283,91.63253175,-7.073356953,0.000,0.000,C_formosum,P_Kesiya
284,91.63253175,-47.74515943,0.000,0.000,C_oblongifolius,P_Kesiya
285,91.63253175,-42.44014172,0.000,0.000,C_tomentosa,P_Kesiya
286,91.63253175,-12.37837467,0.000,0.000,D_castanea_leaf,P_Kesiya
287,91.63253175,-19.45173162,0.000,0.000,D_castanea_twig,P_Kesiya
288,91.63253175,-3.536678476,0.000,0.000,D_winitii,P_Kesiya
289,91.63253175,-15.91505314,0.000,0.000,E_cherrevensis,P_Kesiya
290,91.63253175,-8.841696191,0.000,0.000,E_cuneatum,P_Kesiya
291,91.63253175,-24.5602672,0.000,0.000,E_succirubrum,P_Kesiya
292,91.63253175,-10.61003543,0.000,0.000,F_indica,P_Kesiya
293,91.63253175,4.813812371,0.000,0.000,G_cowa,P_Kesiya
294,91.63253175,-37.82281148,0.000,0.000,G_daltonii,P_Kesiya
295,91.63253175,-26.1321243,0.000,0.000,H_perforata,P_Kesiya
296,91.63253175,-34.58085621,0.000,0.000,L_coromandelica,P_Kesiya
297,91.63253175,-26.72157071,0.000,0.000,P_anamense,P_Kesiya
298,91.63253175,4.02788382,0.000,0.000,P_debilis,P_Kesiya
299,91.63253175,-1.768339238,0.041,0.041,P_evecta_leaf,P_Kesiya
300,91.63253175,-23.08665117,0.000,0.000,P_evecta_Rhizome,P_Kesiya
301,91.63253175,-12.37837467,0.000,0.000,A_marginata,R_dumetorum
302,91.63253175,-8.841696191,0.000,0.000,A_pulchellus,R_dumetorum
303,91.63253175,-6.385669471,0.000,0.000,A_vanprukii,R_dumetorum
304,91.63253175,-14.14671391,0.000,0.000,B_anceps,R_dumetorum
305,91.63253175,26.52508857,0.000,0.000,B_insulana,R_dumetorum
306,91.63253175,8.546972985,0.000,0.000,C_filiformis,R_dumetorum
307,91.63253175,24.75674933,0.000,0.000,C_formosum,R_dumetorum
308,91.63253175,-15.91505314,0.000,0.000,C_oblongifolius,R_dumetorum
309,91.63253175,-10.61003543,0.000,0.000,C_tomentosa,R_dumetorum
310,91.63253175,19.45173162,0.000,0.000,D_castanea_leaf,R_dumetorum
311,91.63253175,12.37837467,0.000,0.000,D_castanea_twig,R_dumetorum
312,91.63253175,28.29342781,0.000,0.000,D_winitii,R_dumetorum
313,91.63253175,15.91505314,0.000,0.000,E_cherrevensis,R_dumetorum
314,91.63253175,22.9884101,0.000,0.000,E_cuneatum,R_dumetorum
315,91.63253175,7.26983909,0.000,0.000,E_succirubrum,R_dumetorum
316,91.63253175,21.22007086,0.000,0.000,F_indica,R_dumetorum
317,91.63253175,36.64391866,0.000,0.000,G_cowa,R_dumetorum
318,91.63253175,-5.992705196,0.000,0.000,G_daltonii,R_dumetorum
319,91.63253175,5.69798199,0.000,0.000,H_perforata,R_dumetorum
320,91.63253175,-2.750749926,0.004,0.004,L_coromandelica,R_dumetorum
321,91.63253175,5.108535577,0.000,0.000,P_anamense,R_dumetorum
322,91.63253175,35.85799011,0.000,0.000,P_debilis,R_dumetorum
323,91.63253175,30.06176705,0.000,0.000,P_evecta_leaf,R_dumetorum
324,91.63253175,8.743455122,0.000,0.000,P_evecta_Rhizome,R_dumetorum
325,91.63253175,31.83010629,0.000,0.000,P_Kesiya,R_dumetorum
326,91.63253175,-30.06176705,0.000,0.000,A_marginata,R_javanica
327,91.63253175,-26.52508857,0.000,0.000,A_pulchellus,R_javanica
328,91.63253175,-24.06906185,0.000,0.000,A_vanprukii,R_javanica
329,91.63253175,-31.83010629,0.000,0.000,B_anceps,R_javanica
330,91.63253175,8.841696191,0.000,0.000,B_insulana,R_javanica
331,91.63253175,-9.136419397,0.000,0.000,C_filiformis,R_javanica
332,91.63253175,7.073356953,0.000,0.000,C_formosum,R_javanica
333,91.63253175,-33.59844553,0.000,0.000,C_oblongifolius,R_javanica
334,91.63253175,-28.29342781,0.000,0.000,C_tomentosa,R_javanica
335,91.63253175,1.768339238,0.041,0.041,D_castanea_leaf,R_javanica
336,91.63253175,-5.305017715,0.000,0.000,D_castanea_twig,R_javanica
337,91.63253175,10.61003543,0.000,0.000,D_winitii,R_javanica
338,91.63253175,-1.768339238,0.041,0.041,E_cherrevensis,R_javanica
339,91.63253175,5.305017715,0.000,0.000,E_cuneatum,R_javanica
340,91.63253175,-10.41355329,0.000,0.000,E_succirubrum,R_javanica
341,91.63253175,3.536678476,0.000,0.000,F_indica,R_javanica
342,91.63253175,18.96052628,0.000,0.000,G_cowa,R_javanica
343,91.63253175,-23.67609758,0.000,0.000,G_daltonii,R_javanica
344,91.63253175,-11.98541039,0.000,0.000,H_perforata,R_javanica
345,91.63253175,-20.43414231,0.000,0.000,L_coromandelica,R_javanica
346,91.63253175,-12.5748568,0.000,0.000,P_anamense,R_javanica
347,91.63253175,18.17459773,0.000,0.000,P_debilis,R_javanica
348,91.63253175,12.37837467,0.000,0.000,P_evecta_leaf,R_javanica
349,91.63253175,-8.93993726,0.000,0.000,P_evecta_Rhizome,R_javanica
350,91.63253175,14.14671391,0.000,0.000,P_Kesiya,R_javanica
351,91.63253175,-17.68339238,0.000,0.000,R_dumetorum,R_javanica
352,91.63253175,-9.824106879,0.000,0.000,A_marginata,R_succedanea
353,91.63253175,-6.287428402,0.000,0.000,A_pulchellus,R_succedanea
354,91.63253175,-3.831401683,0.000,0.000,A_vanprukii,R_succedanea
355,91.63253175,-11.59244612,0.000,0.000,B_anceps,R_succedanea
356,91.63253175,29.07935636,0.000,0.000,B_insulana,R_succedanea
357,91.63253175,11.10124077,0.000,0.000,C_filiformis,R_succedanea
358,91.63253175,27.31101712,0.000,0.000,C_formosum,R_succedanea
359,91.63253175,-13.36078536,0.000,0.000,C_oblongifolius,R_succedanea
360,91.63253175,-8.055767641,0.000,0.000,C_tomentosa,R_succedanea
361,91.63253175,22.00599941,0.000,0.000,D_castanea_leaf,R_succedanea
362,91.63253175,14.93264246,0.000,0.000,D_castanea_twig,R_succedanea
363,91.63253175,30.8476956,0.000,0.000,D_winitii,R_succedanea
364,91.63253175,18.46932093,0.000,0.000,E_cherrevensis,R_succedanea
365,91.63253175,25.54267788,0.000,0.000,E_cuneatum,R_succedanea
366,91.63253175,9.824106879,0.000,0.000,E_succirubrum,R_succedanea
367,91.63253175,23.77433865,0.000,0.000,F_indica,R_succedanea
368,91.63253175,39.19818645,0.000,0.000,G_cowa,R_succedanea
369,91.63253175,-3.438437408,0.001,0.001,G_daltonii,R_succedanea
370,91.63253175,8.252249778,0.000,0.000,H_perforata,R_succedanea
371,91.63253175,-0.196482138,0.422,0.422,L_coromandelica,R_succedanea
372,91.63253175,7.662803365,0.000,0.000,P_anamense,R_succedanea
373,91.63253175,38.4122579,0.000,0.000,P_debilis,R_succedanea
374,91.63253175,32.61603484,0.000,0.000,P_evecta_leaf,R_succedanea
375,91.63253175,11.29772291,0.000,0.000,P_evecta_Rhizome,R_succedanea
376,91.63253175,34.38437408,0.000,0.000,P_Kesiya,R_succedanea
377,91.63253175,2.554267788,0.007,0.007,R_dumetorum,R_succedanea
378,91.63253175,20.23766017,0.000,0.000,R_javanica,R_succedanea
379,91.63253175,-26.52508857,0.000,0.000,A_marginata,T_loureiri
380,91.63253175,-22.9884101,0.000,0.000,A_pulchellus,T_loureiri
381,91.63253175,-20.53238338,0.000,0.000,A_vanprukii,T_loureiri
382,91.63253175,-28.29342781,0.000,0.000,B_anceps,T_loureiri
383,91.63253175,12.37837467,0.000,0.000,B_insulana,T_loureiri
384,91.63253175,-5.599740921,0.000,0.000,C_filiformis,T_loureiri
385,91.63253175,10.61003543,0.000,0.000,C_formosum,T_loureiri
386,91.63253175,-30.06176705,0.000,0.000,C_oblongifolius,T_loureiri
387,91.63253175,-24.75674933,0.000,0.000,C_tomentosa,T_loureiri
388,91.63253175,5.305017715,0.000,0.000,D_castanea_leaf,T_loureiri
389,91.63253175,-1.768339238,0.041,0.041,D_castanea_twig,T_loureiri
390,91.63253175,14.14671391,0.000,0.000,D_winitii,T_loureiri
391,91.63253175,1.768339238,0.041,0.041,E_cherrevensis,T_loureiri
392,91.63253175,8.841696191,0.000,0.000,E_cuneatum,T_loureiri
393,91.63253175,-6.876874815,0.000,0.000,E_succirubrum,T_loureiri
394,91.63253175,7.073356953,0.000,0.000,F_indica,T_loureiri
395,91.63253175,22.49720475,0.000,0.000,G_cowa,T_loureiri
396,91.63253175,-20.1394191,0.000,0.000,G_daltonii,T_loureiri
397,91.63253175,-8.448731916,0.000,0.000,H_perforata,T_loureiri
398,91.63253175,-16.89746383,0.000,0.000,L_coromandelica,T_loureiri
399,91.63253175,-9.038178328,0.000,0.000,P_anamense,T_loureiri
400,91.63253175,21.7112762,0.000,0.000,P_debilis,T_loureiri
401,91.63253175,15.91505314,0.000,0.000,P_evecta_leaf,T_loureiri
402,91.63253175,-5.403258783,0.000,0.000,P_evecta_Rhizome,T_loureiri
403,91.63253175,17.68339238,0.000,0.000,P_Kesiya,T_loureiri
404,91.63253175,-14.14671391,0.000,0.000,R_dumetorum,T_loureiri
405,91.63253175,3.536678476,0.000,0.000,R_javanica,T_loureiri
406,91.63253175,-16.70098169,0.000,0.000,R_succedanea,T_loureiri
407,91.63253175,-45.97682019,0.000,0.000,A_marginata,T_mucronata
408,91.63253175,-42.44014172,0.000,0.000,A_pulchellus,T_mucronata
409,91.63253175,-39.984115,0.000,0.000,A_vanprukii,T_mucronata
410,91.63253175,-47.74515943,0.000,0.000,B_anceps,T_mucronata
411,91.63253175,-7.073356953,0.000,0.000,B_insulana,T_mucronata
412,91.63253175,-25.05147254,0.000,0.000,C_filiformis,T_mucronata
413,91.63253175,-8.841696191,0.000,0.000,C_formosum,T_mucronata
414,91.63253175,-49.51349867,0.000,0.000,C_oblongifolius,T_mucronata
415,91.63253175,-44.20848095,0.000,0.000,C_tomentosa,T_mucronata
416,91.63253175,-14.14671391,0.000,0.000,D_castanea_leaf,T_mucronata
417,91.63253175,-21.22007086,0.000,0.000,D_castanea_twig,T_mucronata
418,91.63253175,-5.305017715,0.000,0.000,D_winitii,T_mucronata
419,91.63253175,-17.68339238,0.000,0.000,E_cherrevensis,T_mucronata
420,91.63253175,-10.61003543,0.000,0.000,E_cuneatum,T_mucronata
421,91.63253175,-26.32860644,0.000,0.000,E_succirubrum,T_mucronata
422,91.63253175,-12.37837467,0.000,0.000,F_indica,T_mucronata
423,91.63253175,3.045473132,0.002,0.002,G_cowa,T_mucronata
424,91.63253175,-39.59115072,0.000,0.000,G_daltonii,T_mucronata
425,91.63253175,-27.90046354,0.000,0.000,H_perforata,T_mucronata
426,91.63253175,-36.34919545,0.000,0.000,L_coromandelica,T_mucronata
427,91.63253175,-28.48990995,0.000,0.000,P_anamense,T_mucronata
428,91.63253175,2.259544582,0.014,0.014,P_debilis,T_mucronata
429,91.63253175,-3.536678476,0.000,0.000,P_evecta_leaf,T_mucronata
430,91.63253175,-24.8549904,0.000,0.000,P_evecta_Rhizome,T_mucronata
431,91.63253175,-1.768339238,0.041,0.041,P_Kesiya,T_mucronata
432,91.63253175,-33.59844553,0.000,0.000,R_dumetorum,T_mucronata
433,91.63253175,-15.91505314,0.000,0.000,R_javanica,T_mucronata
434,91.63253175,-36.15271331,0.000,0.000,R_succedanea,T_mucronata
435,91.63253175,-19.45173162,0.000,0.000,T_loureiri,T_mucronata
436,91.63253175,-14.14671391,0.000,0.000,A_marginata,T_triptera
437,91.63253175,-10.61003543,0.000,0.000,A_pulchellus,T_triptera
438,91.63253175,-8.154008709,0.000,0.000,A_vanprukii,T_triptera
439,91.63253175,-15.91505314,0.000,0.000,B_anceps,T_triptera
440,91.63253175,24.75674933,0.000,0.000,B_insulana,T_triptera
441,91.63253175,6.778633746,0.000,0.000,C_filiformis,T_triptera
442,91.63253175,22.9884101,0.000,0.000,C_formosum,T_triptera
443,91.63253175,-17.68339238,0.000,0.000,C_oblongifolius,T_triptera
444,91.63253175,-12.37837467,0.000,0.000,C_tomentosa,T_triptera
445,91.63253175,17.68339238,0.000,0.000,D_castanea_leaf,T_triptera
446,91.63253175,10.61003543,0.000,0.000,D_castanea_twig,T_triptera
447,91.63253175,26.52508857,0.000,0.000,D_winitii,T_triptera
448,91.63253175,14.14671391,0.000,0.000,E_cherrevensis,T_triptera
449,91.63253175,21.22007086,0.000,0.000,E_cuneatum,T_triptera
450,91.63253175,5.501499852,0.000,0.000,E_succirubrum,T_triptera
451,91.63253175,19.45173162,0.000,0.000,F_indica,T_triptera
452,91.63253175,34.87557942,0.000,0.000,G_cowa,T_triptera
453,91.63253175,-7.761044434,0.000,0.000,G_daltonii,T_triptera
454,91.63253175,3.929642752,0.000,0.000,H_perforata,T_triptera
455,91.63253175,-4.519089164,0.000,0.000,L_coromandelica,T_triptera
456,91.63253175,3.340196339,0.001,0.001,P_anamense,T_triptera
457,91.63253175,34.08965087,0.000,0.000,P_debilis,T_triptera
458,91.63253175,28.29342781,0.000,0.000,P_evecta_leaf,T_triptera
459,91.63253175,6.975115884,0.000,0.000,P_evecta_Rhizome,T_triptera
460,91.63253175,30.06176705,0.000,0.000,P_Kesiya,T_triptera
461,91.63253175,-1.768339238,0.041,0.041,R_dumetorum,T_triptera
462,91.63253175,15.91505314,0.000,0.000,R_javanica,T_triptera
463,91.63253175,-4.322607027,0.000,0.000,R_succedanea,T_triptera
464,91.63253175,12.37837467,0.000,0.000,T_loureiri,T_triptera
465,91.63253175,31.83010629,0.000,0.000,T_mucronata,T_triptera